"stm32c011d6yx","stm32c011d6"
"stm32c011f4px","stm32c011f4"
"stm32c011f4ux","stm32c011f4"
"stm32c011f6px","stm32c011f6"
"stm32c011f6ux","stm32c011f6"
"stm32c011j4mx","stm32c011j4"
"stm32c011j6mx","stm32c011j6"
"stm32c031c4tx","stm32c031c4"
"stm32c031c4ux","stm32c031c4"
"stm32c031c6tx","stm32c031c6"
"stm32c031c6ux","stm32c031c6"
"stm32c031f4px","stm32c031f4"
"stm32c031f6px","stm32c031f6"
"stm32c031g4ux","stm32c031g4"
"stm32c031g6ux","stm32c031g6"
"stm32c031k4tx","stm32c031k4"
"stm32c031k4ux","stm32c031k4"
"stm32c031k6tx","stm32c031k6"
"stm32c031k6ux","stm32c031k6"
"stm32f030c6tx","stm32f030c6"
"stm32f030c8tx","stm32f030c8"
"stm32f030cctx","stm32f030cc"
"stm32f030f4px","stm32f030f4"
"stm32f030k6tx","stm32f030k6"
"stm32f030r8tx","stm32f030r8"
"stm32f030rctx","stm32f030rc"
"stm32f031c4tx","stm32f031c4"
"stm32f031c6tx","stm32f031c6"
"stm32f031e6yx","stm32f031e6"
"stm32f031f4px","stm32f031f4"
"stm32f031f6px","stm32f031f6"
"stm32f031g4ux","stm32f031g4"
"stm32f031g6ux","stm32f031g6"
"stm32f031k4ux","stm32f031k4"
"stm32f031k6ux","stm32f031k6"
"stm32f031k6tx","stm32f031k6"
"stm32f038c6tx","stm32f038c6"
"stm32f038e6yx","stm32f038e6"
"stm32f038f6px","stm32f038f6"
"stm32f038g6ux","stm32f038g6"
"stm32f038k6ux","stm32f038k6"
"stm32f042c4tx","stm32f042c4"
"stm32f042c4ux","stm32f042c4"
"stm32f042c6tx","stm32f042c6"
"stm32f042c6ux","stm32f042c6"
"stm32f042f4px","stm32f042f4"
"stm32f042f6px","stm32f042f6"
"stm32f042g4ux","stm32f042g4"
"stm32f042g6ux","stm32f042g6"
"stm32f042k4tx","stm32f042k4"
"stm32f042k4ux","stm32f042k4"
"stm32f042k6tx","stm32f042k6"
"stm32f042k6ux","stm32f042k6"
"stm32f042t6yx","stm32f042t6"
"stm32f048c6ux","stm32f048c6"
"stm32f048g6ux","stm32f048g6"
"stm32f048t6yx","stm32f048t6"
"stm32f051c4tx","stm32f051c4"
"stm32f051c4ux","stm32f051c4"
"stm32f051c6tx","stm32f051c6"
"stm32f051c6ux","stm32f051c6"
"stm32f051c8tx","stm32f051c8"
"stm32f051c8ux","stm32f051c8"
"stm32f051k4tx","stm32f051k4"
"stm32f051k4ux","stm32f051k4"
"stm32f051k6tx","stm32f051k6"
"stm32f051k6ux","stm32f051k6"
"stm32f051k8tx","stm32f051k8"
"stm32f051k8ux","stm32f051k8"
"stm32f051r4tx","stm32f051r4"
"stm32f051r6tx","stm32f051r6"
"stm32f051r8hx","stm32f051r8"
"stm32f051r8tx","stm32f051r8"
"stm32f051t8yx","stm32f051t8"
"stm32f058c8ux","stm32f058c8"
"stm32f058r8hx","stm32f058r8"
"stm32f058r8tx","stm32f058r8"
"stm32f058t8yx","stm32f058t8"
"stm32f070c6tx","stm32f070c6"
"stm32f070cbtx","stm32f070cb"
"stm32f070f6px","stm32f070f6"
"stm32f070rbtx","stm32f070rb"
"stm32f071c8tx","stm32f071c8"
"stm32f071c8ux","stm32f071c8"
"stm32f071cbtx","stm32f071cb"
"stm32f071cbux","stm32f071cb"
"stm32f071cbyx","stm32f071cb"
"stm32f071rbtx","stm32f071rb"
"stm32f071v8hx","stm32f071v8"
"stm32f071v8tx","stm32f071v8"
"stm32f071vbhx","stm32f071vb"
"stm32f071vbtx","stm32f071vb"
"stm32f072c8tx","stm32f072c8"
"stm32f072c8ux","stm32f072c8"
"stm32f072cbtx","stm32f072cb"
"stm32f072cbux","stm32f072cb"
"stm32f072cbyx","stm32f072cb"
"stm32f072r8tx","stm32f072r8"
"stm32f072rbtx","stm32f072rb"
"stm32f072rbhx","stm32f072rb"
"stm32f072rbix","stm32f072rb"
"stm32f072v8hx","stm32f072v8"
"stm32f072v8tx","stm32f072v8"
"stm32f072vbhx","stm32f072vb"
"stm32f072vbtx","stm32f072vb"
"stm32f078cbtx","stm32f078cb"
"stm32f078cbux","stm32f078cb"
"stm32f078cbyx","stm32f078cb"
"stm32f078rbhx","stm32f078rb"
"stm32f078rbtx","stm32f078rb"
"stm32f078vbhx","stm32f078vb"
"stm32f078vbtx","stm32f078vb"
"stm32f091cbtx","stm32f091cb"
"stm32f091cbux","stm32f091cb"
"stm32f091cctx","stm32f091cc"
"stm32f091ccux","stm32f091cc"
"stm32f091rbtx","stm32f091rb"
"stm32f091rctx","stm32f091rc"
"stm32f091rchx","stm32f091rc"
"stm32f091rcyx","stm32f091rc"
"stm32f091vbtx","stm32f091vb"
"stm32f091vctx","stm32f091vc"
"stm32f091vchx","stm32f091vc"
"stm32f098cctx","stm32f098cc"
"stm32f098ccux","stm32f098cc"
"stm32f098rchx","stm32f098rc"
"stm32f098rctx","stm32f098rc"
"stm32f098rcyx","stm32f098rc"
"stm32f098vchx","stm32f098vc"
"stm32f098vctx","stm32f098vc"
"stm32f100c4tx","stm32f100c4"
"stm32f100c6tx","stm32f100c6"
"stm32f100c8tx","stm32f100c8"
"stm32f100cbtx","stm32f100cb"
"stm32f100r4hx","stm32f100r4"
"stm32f100r4tx","stm32f100r4"
"stm32f100r6hx","stm32f100r6"
"stm32f100r6tx","stm32f100r6"
"stm32f100r8hx","stm32f100r8"
"stm32f100r8tx","stm32f100r8"
"stm32f100rbhx","stm32f100rb"
"stm32f100rbtx","stm32f100rb"
"stm32f100rctx","stm32f100rc"
"stm32f100rdtx","stm32f100rd"
"stm32f100retx","stm32f100re"
"stm32f100v8tx","stm32f100v8"
"stm32f100vbtx","stm32f100vb"
"stm32f100vctx","stm32f100vc"
"stm32f100vdtx","stm32f100vd"
"stm32f100vetx","stm32f100ve"
"stm32f100zctx","stm32f100zc"
"stm32f100zdtx","stm32f100zd"
"stm32f100zetx","stm32f100ze"
"stm32f101c4tx","stm32f101c4"
"stm32f101c6tx","stm32f101c6"
"stm32f101c8tx","stm32f101c8"
"stm32f101c8ux","stm32f101c8"
"stm32f101cbtx","stm32f101cb"
"stm32f101cbux","stm32f101cb"
"stm32f101r4tx","stm32f101r4"
"stm32f101r6tx","stm32f101r6"
"stm32f101r8tx","stm32f101r8"
"stm32f101rbtx","stm32f101rb"
"stm32f101rbhx","stm32f101rb"
"stm32f101rctx","stm32f101rc"
"stm32f101rdtx","stm32f101rd"
"stm32f101retx","stm32f101re"
"stm32f101rftx","stm32f101rf"
"stm32f101rgtx","stm32f101rg"
"stm32f101t4ux","stm32f101t4"
"stm32f101t6ux","stm32f101t6"
"stm32f101t8ux","stm32f101t8"
"stm32f101tbux","stm32f101tb"
"stm32f101v8tx","stm32f101v8"
"stm32f101vbtx","stm32f101vb"
"stm32f101vctx","stm32f101vc"
"stm32f101vdtx","stm32f101vd"
"stm32f101vetx","stm32f101ve"
"stm32f101vftx","stm32f101vf"
"stm32f101vgtx","stm32f101vg"
"stm32f101zctx","stm32f101zc"
"stm32f101zdtx","stm32f101zd"
"stm32f101zetx","stm32f101ze"
"stm32f101zftx","stm32f101zf"
"stm32f101zgtx","stm32f101zg"
"stm32f102c4tx","stm32f102c4"
"stm32f102c6tx","stm32f102c6"
"stm32f102c8tx","stm32f102c8"
"stm32f102cbtx","stm32f102cb"
"stm32f102r4tx","stm32f102r4"
"stm32f102r6tx","stm32f102r6"
"stm32f102r8tx","stm32f102r8"
"stm32f102rbtx","stm32f102rb"
"stm32f103c4tx","stm32f103c4"
"stm32f103c6tx","stm32f103c6"
"stm32f103c6ux","stm32f103c6"
"stm32f103c8tx","stm32f103c8"
"stm32f103cbtx","stm32f103cb"
"stm32f103cbux","stm32f103cb"
"stm32f103r4hx","stm32f103r4"
"stm32f103r4tx","stm32f103r4"
"stm32f103r6hx","stm32f103r6"
"stm32f103r6tx","stm32f103r6"
"stm32f103r8hx","stm32f103r8"
"stm32f103r8tx","stm32f103r8"
"stm32f103rbhx","stm32f103rb"
"stm32f103rbtx","stm32f103rb"
"stm32f103rctx","stm32f103rc"
"stm32f103rcyx","stm32f103rc"
"stm32f103rdtx","stm32f103rd"
"stm32f103rdyx","stm32f103rd"
"stm32f103retx","stm32f103re"
"stm32f103reyx","stm32f103re"
"stm32f103rftx","stm32f103rf"
"stm32f103rgtx","stm32f103rg"
"stm32f103t4ux","stm32f103t4"
"stm32f103t6ux","stm32f103t6"
"stm32f103t8ux","stm32f103t8"
"stm32f103tbux","stm32f103tb"
"stm32f103v8hx","stm32f103v8"
"stm32f103v8tx","stm32f103v8"
"stm32f103vbhx","stm32f103vb"
"stm32f103vbtx","stm32f103vb"
"stm32f103vbix","stm32f103vb"
"stm32f103vchx","stm32f103vc"
"stm32f103vctx","stm32f103vc"
"stm32f103vdhx","stm32f103vd"
"stm32f103vdtx","stm32f103vd"
"stm32f103vehx","stm32f103ve"
"stm32f103vetx","stm32f103ve"
"stm32f103vftx","stm32f103vf"
"stm32f103vgtx","stm32f103vg"
"stm32f103zchx","stm32f103zc"
"stm32f103zctx","stm32f103zc"
"stm32f103zdhx","stm32f103zd"
"stm32f103zdtx","stm32f103zd"
"stm32f103zehx","stm32f103ze"
"stm32f103zetx","stm32f103ze"
"stm32f103zfhx","stm32f103zf"
"stm32f103zftx","stm32f103zf"
"stm32f103zghx","stm32f103zg"
"stm32f103zgtx","stm32f103zg"
"stm32f105r8tx","stm32f105r8"
"stm32f105rbtx","stm32f105rb"
"stm32f105rctx","stm32f105rc"
"stm32f105v8hx","stm32f105v8"
"stm32f105v8tx","stm32f105v8"
"stm32f105vbhx","stm32f105vb"
"stm32f105vbtx","stm32f105vb"
"stm32f105vctx","stm32f105vc"
"stm32f107rbtx","stm32f107rb"
"stm32f107rctx","stm32f107rc"
"stm32f107vbtx","stm32f107vb"
"stm32f107vctx","stm32f107vc"
"stm32f107vchx","stm32f107vc"
"stm32f205rbtx","stm32f205rb"
"stm32f205rctx","stm32f205rc"
"stm32f205retx","stm32f205re"
"stm32f205reyx","stm32f205re"
"stm32f205rftx","stm32f205rf"
"stm32f205rgtx","stm32f205rg"
"stm32f205rgyx","stm32f205rg"
"stm32f205rgex","stm32f205rg"
"stm32f205vbtx","stm32f205vb"
"stm32f205vctx","stm32f205vc"
"stm32f205vetx","stm32f205ve"
"stm32f205vftx","stm32f205vf"
"stm32f205vgtx","stm32f205vg"
"stm32f205zctx","stm32f205zc"
"stm32f205zetx","stm32f205ze"
"stm32f205zftx","stm32f205zf"
"stm32f205zgtx","stm32f205zg"
"stm32f207ichx","stm32f207ic"
"stm32f207ictx","stm32f207ic"
"stm32f207iehx","stm32f207ie"
"stm32f207ietx","stm32f207ie"
"stm32f207ifhx","stm32f207if"
"stm32f207iftx","stm32f207if"
"stm32f207ighx","stm32f207ig"
"stm32f207igtx","stm32f207ig"
"stm32f207vctx","stm32f207vc"
"stm32f207vetx","stm32f207ve"
"stm32f207vftx","stm32f207vf"
"stm32f207vgtx","stm32f207vg"
"stm32f207zctx","stm32f207zc"
"stm32f207zetx","stm32f207ze"
"stm32f207zftx","stm32f207zf"
"stm32f207zgtx","stm32f207zg"
"stm32f215retx","stm32f215re"
"stm32f215rgtx","stm32f215rg"
"stm32f215vetx","stm32f215ve"
"stm32f215vgtx","stm32f215vg"
"stm32f215zetx","stm32f215ze"
"stm32f215zgtx","stm32f215zg"
"stm32f217iehx","stm32f217ie"
"stm32f217ietx","stm32f217ie"
"stm32f217ighx","stm32f217ig"
"stm32f217igtx","stm32f217ig"
"stm32f217vetx","stm32f217ve"
"stm32f217vgtx","stm32f217vg"
"stm32f217zetx","stm32f217ze"
"stm32f217zgtx","stm32f217zg"
"stm32f301c6tx","stm32f301c6"
"stm32f301c8tx","stm32f301c8"
"stm32f301c8yx","stm32f301c8"
"stm32f301k6tx","stm32f301k6"
"stm32f301k6ux","stm32f301k6"
"stm32f301k8tx","stm32f301k8"
"stm32f301k8ux","stm32f301k8"
"stm32f301r6tx","stm32f301r6"
"stm32f301r8tx","stm32f301r8"
"stm32f302c6tx","stm32f302c6"
"stm32f302c8tx","stm32f302c8"
"stm32f302c8yx","stm32f302c8"
"stm32f302cbtx","stm32f302cb"
"stm32f302cctx","stm32f302cc"
"stm32f302k6ux","stm32f302k6"
"stm32f302k8ux","stm32f302k8"
"stm32f302r6tx","stm32f302r6"
"stm32f302r8tx","stm32f302r8"
"stm32f302rbtx","stm32f302rb"
"stm32f302rctx","stm32f302rc"
"stm32f302rdtx","stm32f302rd"
"stm32f302retx","stm32f302re"
"stm32f302vbtx","stm32f302vb"
"stm32f302vctx","stm32f302vc"
"stm32f302vcyx","stm32f302vc"
"stm32f302vdhx","stm32f302vd"
"stm32f302vdtx","stm32f302vd"
"stm32f302vehx","stm32f302ve"
"stm32f302vetx","stm32f302ve"
"stm32f302zdtx","stm32f302zd"
"stm32f302zetx","stm32f302ze"
"stm32f303c6tx","stm32f303c6"
"stm32f303c8tx","stm32f303c8"
"stm32f303c8yx","stm32f303c8"
"stm32f303cbtx","stm32f303cb"
"stm32f303cctx","stm32f303cc"
"stm32f303k6tx","stm32f303k6"
"stm32f303k6ux","stm32f303k6"
"stm32f303k8tx","stm32f303k8"
"stm32f303k8ux","stm32f303k8"
"stm32f303r6tx","stm32f303r6"
"stm32f303r8tx","stm32f303r8"
"stm32f303rbtx","stm32f303rb"
"stm32f303rctx","stm32f303rc"
"stm32f303rdtx","stm32f303rd"
"stm32f303retx","stm32f303re"
"stm32f303vbtx","stm32f303vb"
"stm32f303vctx","stm32f303vc"
"stm32f303vcyx","stm32f303vc"
"stm32f303vdhx","stm32f303vd"
"stm32f303vdtx","stm32f303vd"
"stm32f303vehx","stm32f303ve"
"stm32f303vetx","stm32f303ve"
"stm32f303veyx","stm32f303ve"
"stm32f303zdtx","stm32f303zd"
"stm32f303zetx","stm32f303ze"
"stm32f318c8tx","stm32f318c8"
"stm32f318c8yx","stm32f318c8"
"stm32f318k8ux","stm32f318k8"
"stm32f328c8tx","stm32f328c8"
"stm32f334c4tx","stm32f334c4"
"stm32f334c6tx","stm32f334c6"
"stm32f334c8tx","stm32f334c8"
"stm32f334c8yx","stm32f334c8"
"stm32f334k4tx","stm32f334k4"
"stm32f334k4ux","stm32f334k4"
"stm32f334k6tx","stm32f334k6"
"stm32f334k6ux","stm32f334k6"
"stm32f334k8tx","stm32f334k8"
"stm32f334k8ux","stm32f334k8"
"stm32f334r6tx","stm32f334r6"
"stm32f334r8tx","stm32f334r8"
"stm32f358cctx","stm32f358cc"
"stm32f358rctx","stm32f358rc"
"stm32f358vctx","stm32f358vc"
"stm32f373c8tx","stm32f373c8"
"stm32f373cbtx","stm32f373cb"
"stm32f373cctx","stm32f373cc"
"stm32f373r8tx","stm32f373r8"
"stm32f373rbtx","stm32f373rb"
"stm32f373rctx","stm32f373rc"
"stm32f373v8hx","stm32f373v8"
"stm32f373v8tx","stm32f373v8"
"stm32f373vbhx","stm32f373vb"
"stm32f373vbtx","stm32f373vb"
"stm32f373vchx","stm32f373vc"
"stm32f373vctx","stm32f373vc"
"stm32f378cctx","stm32f378cc"
"stm32f378rctx","stm32f378rc"
"stm32f378rcyx","stm32f378rc"
"stm32f378vchx","stm32f378vc"
"stm32f378vctx","stm32f378vc"
"stm32f398vetx","stm32f398ve"
"stm32f401cbux","stm32f401cb"
"stm32f401cbyx","stm32f401cb"
"stm32f401ccux","stm32f401cc"
"stm32f401ccyx","stm32f401cc"
"stm32f401ccfx","stm32f401cc"
"stm32f401cdux","stm32f401cd"
"stm32f401cdyx","stm32f401cd"
"stm32f401ceux","stm32f401ce"
"stm32f401ceyx","stm32f401ce"
"stm32f401rbtx","stm32f401rb"
"stm32f401rctx","stm32f401rc"
"stm32f401rdtx","stm32f401rd"
"stm32f401retx","stm32f401re"
"stm32f401vbhx","stm32f401vb"
"stm32f401vbtx","stm32f401vb"
"stm32f401vchx","stm32f401vc"
"stm32f401vctx","stm32f401vc"
"stm32f401vdhx","stm32f401vd"
"stm32f401vdtx","stm32f401vd"
"stm32f401vehx","stm32f401ve"
"stm32f401vetx","stm32f401ve"
"stm32f405oeyx","stm32f405oe"
"stm32f405ogyx","stm32f405og"
"stm32f405rgtx","stm32f405rg"
"stm32f405vgtx","stm32f405vg"
"stm32f405zgtx","stm32f405zg"
"stm32f407iehx","stm32f407ie"
"stm32f407ietx","stm32f407ie"
"stm32f407ighx","stm32f407ig"
"stm32f407igtx","stm32f407ig"
"stm32f407vetx","stm32f407ve"
"stm32f407vgtx","stm32f407vg"
"stm32f407zetx","stm32f407ze"
"stm32f407zgtx","stm32f407zg"
"stm32f410c8tx","stm32f410c8"
"stm32f410c8ux","stm32f410c8"
"stm32f410cbtx","stm32f410cb"
"stm32f410cbux","stm32f410cb"
"stm32f410r8ix","stm32f410r8"
"stm32f410r8tx","stm32f410r8"
"stm32f410rbix","stm32f410rb"
"stm32f410rbtx","stm32f410rb"
"stm32f410t8yx","stm32f410t8"
"stm32f410tbyx","stm32f410tb"
"stm32f411ccux","stm32f411cc"
"stm32f411ccyx","stm32f411cc"
"stm32f411ceux","stm32f411ce"
"stm32f411ceyx","stm32f411ce"
"stm32f411rctx","stm32f411rc"
"stm32f411retx","stm32f411re"
"stm32f411vchx","stm32f411vc"
"stm32f411vctx","stm32f411vc"
"stm32f411vehx","stm32f411ve"
"stm32f411vetx","stm32f411ve"
"stm32f412ceux","stm32f412ce"
"stm32f412cgux","stm32f412cg"
"stm32f412retx","stm32f412re"
"stm32f412reyx","stm32f412re"
"stm32f412reyxp","stm32f412re"
"stm32f412rgtx","stm32f412rg"
"stm32f412rgyx","stm32f412rg"
"stm32f412rgyxp","stm32f412rg"
"stm32f412vehx","stm32f412ve"
"stm32f412vetx","stm32f412ve"
"stm32f412vghx","stm32f412vg"
"stm32f412vgtx","stm32f412vg"
"stm32f412zejx","stm32f412ze"
"stm32f412zetx","stm32f412ze"
"stm32f412zgjx","stm32f412zg"
"stm32f412zgtx","stm32f412zg"
"stm32f413cgux","stm32f413cg"
"stm32f413chux","stm32f413ch"
"stm32f413mgyx","stm32f413mg"
"stm32f413mhyx","stm32f413mh"
"stm32f413rgtx","stm32f413rg"
"stm32f413rhtx","stm32f413rh"
"stm32f413vghx","stm32f413vg"
"stm32f413vgtx","stm32f413vg"
"stm32f413vhhx","stm32f413vh"
"stm32f413vhtx","stm32f413vh"
"stm32f413zgjx","stm32f413zg"
"stm32f413zgtx","stm32f413zg"
"stm32f413zhjx","stm32f413zh"
"stm32f413zhtx","stm32f413zh"
"stm32f415ogyx","stm32f415og"
"stm32f415rgtx","stm32f415rg"
"stm32f415vgtx","stm32f415vg"
"stm32f415zgtx","stm32f415zg"
"stm32f417iehx","stm32f417ie"
"stm32f417ietx","stm32f417ie"
"stm32f417ighx","stm32f417ig"
"stm32f417igtx","stm32f417ig"
"stm32f417vetx","stm32f417ve"
"stm32f417vgtx","stm32f417vg"
"stm32f417zetx","stm32f417ze"
"stm32f417zgtx","stm32f417zg"
"stm32f423chux","stm32f423ch"
"stm32f423mhyx","stm32f423mh"
"stm32f423rhtx","stm32f423rh"
"stm32f423vhhx","stm32f423vh"
"stm32f423vhtx","stm32f423vh"
"stm32f423zhjx","stm32f423zh"
"stm32f423zhtx","stm32f423zh"
"stm32f427aghx","stm32f427ag"
"stm32f427aihx","stm32f427ai"
"stm32f427ighx","stm32f427ig"
"stm32f427igtx","stm32f427ig"
"stm32f427iihx","stm32f427ii"
"stm32f427iitx","stm32f427ii"
"stm32f427vgtx","stm32f427vg"
"stm32f427vitx","stm32f427vi"
"stm32f427zgtx","stm32f427zg"
"stm32f427zitx","stm32f427zi"
"stm32f429aghx","stm32f429ag"
"stm32f429aihx","stm32f429ai"
"stm32f429betx","stm32f429be"
"stm32f429bgtx","stm32f429bg"
"stm32f429bitx","stm32f429bi"
"stm32f429ietx","stm32f429ie"
"stm32f429iehx","stm32f429ie"
"stm32f429igtx","stm32f429ig"
"stm32f429ighx","stm32f429ig"
"stm32f429iihx","stm32f429ii"
"stm32f429iitx","stm32f429ii"
"stm32f429nehx","stm32f429ne"
"stm32f429nghx","stm32f429ng"
"stm32f429nihx","stm32f429ni"
"stm32f429vetx","stm32f429ve"
"stm32f429vgtx","stm32f429vg"
"stm32f429vitx","stm32f429vi"
"stm32f429zetx","stm32f429ze"
"stm32f429zgtx","stm32f429zg"
"stm32f429zgyx","stm32f429zg"
"stm32f429zitx","stm32f429zi"
"stm32f429ziyx","stm32f429zi"
"stm32f437aihx","stm32f437ai"
"stm32f437ighx","stm32f437ig"
"stm32f437igtx","stm32f437ig"
"stm32f437iihx","stm32f437ii"
"stm32f437iitx","stm32f437ii"
"stm32f437vgtx","stm32f437vg"
"stm32f437vitx","stm32f437vi"
"stm32f437zgtx","stm32f437zg"
"stm32f437zitx","stm32f437zi"
"stm32f439aihx","stm32f439ai"
"stm32f439bgtx","stm32f439bg"
"stm32f439bitx","stm32f439bi"
"stm32f439ighx","stm32f439ig"
"stm32f439igtx","stm32f439ig"
"stm32f439iihx","stm32f439ii"
"stm32f439iitx","stm32f439ii"
"stm32f439nghx","stm32f439ng"
"stm32f439nihx","stm32f439ni"
"stm32f439vgtx","stm32f439vg"
"stm32f439vitx","stm32f439vi"
"stm32f439zgtx","stm32f439zg"
"stm32f439zgyx","stm32f439zg"
"stm32f439zitx","stm32f439zi"
"stm32f439ziyx","stm32f439zi"
"stm32f446mcyx","stm32f446mc"
"stm32f446meyx","stm32f446me"
"stm32f446rctx","stm32f446rc"
"stm32f446retx","stm32f446re"
"stm32f446vctx","stm32f446vc"
"stm32f446vetx","stm32f446ve"
"stm32f446zchx","stm32f446zc"
"stm32f446zcjx","stm32f446zc"
"stm32f446zctx","stm32f446zc"
"stm32f446zehx","stm32f446ze"
"stm32f446zejx","stm32f446ze"
"stm32f446zetx","stm32f446ze"
"stm32f469aehx","stm32f469ae"
"stm32f469aeyx","stm32f469ae"
"stm32f469aghx","stm32f469ag"
"stm32f469agyx","stm32f469ag"
"stm32f469aihx","stm32f469ai"
"stm32f469aiyx","stm32f469ai"
"stm32f469betx","stm32f469be"
"stm32f469bgtx","stm32f469bg"
"stm32f469bitx","stm32f469bi"
"stm32f469ietx","stm32f469ie"
"stm32f469iehx","stm32f469ie"
"stm32f469igtx","stm32f469ig"
"stm32f469ighx","stm32f469ig"
"stm32f469iihx","stm32f469ii"
"stm32f469iitx","stm32f469ii"
"stm32f469nehx","stm32f469ne"
"stm32f469nghx","stm32f469ng"
"stm32f469nihx","stm32f469ni"
"stm32f469vetx","stm32f469ve"
"stm32f469vgtx","stm32f469vg"
"stm32f469vitx","stm32f469vi"
"stm32f469zetx","stm32f469ze"
"stm32f469zgtx","stm32f469zg"
"stm32f469zitx","stm32f469zi"
"stm32f479aghx","stm32f479ag"
"stm32f479agyx","stm32f479ag"
"stm32f479aihx","stm32f479ai"
"stm32f479aiyx","stm32f479ai"
"stm32f479bgtx","stm32f479bg"
"stm32f479bitx","stm32f479bi"
"stm32f479ighx","stm32f479ig"
"stm32f479igtx","stm32f479ig"
"stm32f479iihx","stm32f479ii"
"stm32f479iitx","stm32f479ii"
"stm32f479nghx","stm32f479ng"
"stm32f479nihx","stm32f479ni"
"stm32f479vgtx","stm32f479vg"
"stm32f479vitx","stm32f479vi"
"stm32f479zgtx","stm32f479zg"
"stm32f479zitx","stm32f479zi"
"stm32f722ickx","stm32f722ic"
"stm32f722ictx","stm32f722ic"
"stm32f722iekx","stm32f722ie"
"stm32f722ietx","stm32f722ie"
"stm32f722rctx","stm32f722rc"
"stm32f722retx","stm32f722re"
"stm32f722vctx","stm32f722vc"
"stm32f722vetx","stm32f722ve"
"stm32f722zctx","stm32f722zc"
"stm32f722zetx","stm32f722ze"
"stm32f723ickx","stm32f723ic"
"stm32f723ictx","stm32f723ic"
"stm32f723iekx","stm32f723ie"
"stm32f723ietx","stm32f723ie"
"stm32f723vctx","stm32f723vc"
"stm32f723vcyx","stm32f723vc"
"stm32f723vetx","stm32f723ve"
"stm32f723veyx","stm32f723ve"
"stm32f723zcix","stm32f723zc"
"stm32f723zctx","stm32f723zc"
"stm32f723zeix","stm32f723ze"
"stm32f723zetx","stm32f723ze"
"stm32f730i8kx","stm32f730i8"
"stm32f730r8tx","stm32f730r8"
"stm32f730v8tx","stm32f730v8"
"stm32f730z8tx","stm32f730z8"
"stm32f732iekx","stm32f732ie"
"stm32f732ietx","stm32f732ie"
"stm32f732retx","stm32f732re"
"stm32f732vetx","stm32f732ve"
"stm32f732zetx","stm32f732ze"
"stm32f733iekx","stm32f733ie"
"stm32f733ietx","stm32f733ie"
"stm32f733vetx","stm32f733ve"
"stm32f733veyx","stm32f733ve"
"stm32f733zeix","stm32f733ze"
"stm32f733zetx","stm32f733ze"
"stm32f745iekx","stm32f745ie"
"stm32f745ietx","stm32f745ie"
"stm32f745igkx","stm32f745ig"
"stm32f745igtx","stm32f745ig"
"stm32f745vehx","stm32f745ve"
"stm32f745vetx","stm32f745ve"
"stm32f745vghx","stm32f745vg"
"stm32f745vgtx","stm32f745vg"
"stm32f745zetx","stm32f745ze"
"stm32f745zgtx","stm32f745zg"
"stm32f746betx","stm32f746be"
"stm32f746bgtx","stm32f746bg"
"stm32f746iekx","stm32f746ie"
"stm32f746ietx","stm32f746ie"
"stm32f746igkx","stm32f746ig"
"stm32f746igtx","stm32f746ig"
"stm32f746nehx","stm32f746ne"
"stm32f746nghx","stm32f746ng"
"stm32f746vehx","stm32f746ve"
"stm32f746vetx","stm32f746ve"
"stm32f746vghx","stm32f746vg"
"stm32f746vgtx","stm32f746vg"
"stm32f746zeyx","stm32f746ze"
"stm32f746zetx","stm32f746ze"
"stm32f746zgyx","stm32f746zg"
"stm32f746zgtx","stm32f746zg"
"stm32f750n8hx","stm32f750n8"
"stm32f750v8tx","stm32f750v8"
"stm32f750z8tx","stm32f750z8"
"stm32f756bgtx","stm32f756bg"
"stm32f756igkx","stm32f756ig"
"stm32f756igtx","stm32f756ig"
"stm32f756nghx","stm32f756ng"
"stm32f756vghx","stm32f756vg"
"stm32f756vgtx","stm32f756vg"
"stm32f756zgtx","stm32f756zg"
"stm32f756zgyx","stm32f756zg"
"stm32f765bgtx","stm32f765bg"
"stm32f765bitx","stm32f765bi"
"stm32f765igkx","stm32f765ig"
"stm32f765igtx","stm32f765ig"
"stm32f765iikx","stm32f765ii"
"stm32f765iitx","stm32f765ii"
"stm32f765nghx","stm32f765ng"
"stm32f765nihx","stm32f765ni"
"stm32f765vghx","stm32f765vg"
"stm32f765vgtx","stm32f765vg"
"stm32f765vihx","stm32f765vi"
"stm32f765vitx","stm32f765vi"
"stm32f765zgtx","stm32f765zg"
"stm32f765zitx","stm32f765zi"
"stm32f767bgtx","stm32f767bg"
"stm32f767bitx","stm32f767bi"
"stm32f767igkx","stm32f767ig"
"stm32f767igtx","stm32f767ig"
"stm32f767iikx","stm32f767ii"
"stm32f767iitx","stm32f767ii"
"stm32f767nghx","stm32f767ng"
"stm32f767nihx","stm32f767ni"
"stm32f767vghx","stm32f767vg"
"stm32f767vgtx","stm32f767vg"
"stm32f767vihx","stm32f767vi"
"stm32f767vitx","stm32f767vi"
"stm32f767zgtx","stm32f767zg"
"stm32f767zitx","stm32f767zi"
"stm32f768aiyx","stm32f768ai"
"stm32f769agyx","stm32f769ag"
"stm32f769aiyx","stm32f769ai"
"stm32f769bgtx","stm32f769bg"
"stm32f769bitx","stm32f769bi"
"stm32f769igtx","stm32f769ig"
"stm32f769iitx","stm32f769ii"
"stm32f769nghx","stm32f769ng"
"stm32f769nihx","stm32f769ni"
"stm32f777bitx","stm32f777bi"
"stm32f777iikx","stm32f777ii"
"stm32f777iitx","stm32f777ii"
"stm32f777nihx","stm32f777ni"
"stm32f777vihx","stm32f777vi"
"stm32f777vitx","stm32f777vi"
"stm32f777zitx","stm32f777zi"
"stm32f778aiyx","stm32f778ai"
"stm32f779aiyx","stm32f779ai"
"stm32f779bitx","stm32f779bi"
"stm32f779iitx","stm32f779ii"
"stm32f779nihx","stm32f779ni"
"stm32g030c6tx","stm32g030c6"
"stm32g030c8tx","stm32g030c8"
"stm32g030f6px","stm32g030f6"
"stm32g030j6mx","stm32g030j6"
"stm32g030k6tx","stm32g030k6"
"stm32g030k8tx","stm32g030k8"
"stm32g031c4tx","stm32g031c4"
"stm32g031c4ux","stm32g031c4"
"stm32g031c6tx","stm32g031c6"
"stm32g031c6ux","stm32g031c6"
"stm32g031c8tx","stm32g031c8"
"stm32g031c8ux","stm32g031c8"
"stm32g031f4px","stm32g031f4"
"stm32g031f6px","stm32g031f6"
"stm32g031f8px","stm32g031f8"
"stm32g031g4ux","stm32g031g4"
"stm32g031g6ux","stm32g031g6"
"stm32g031g8ux","stm32g031g8"
"stm32g031j4mx","stm32g031j4"
"stm32g031j6mx","stm32g031j6"
"stm32g031k4tx","stm32g031k4"
"stm32g031k4ux","stm32g031k4"
"stm32g031k6tx","stm32g031k6"
"stm32g031k6ux","stm32g031k6"
"stm32g031k8tx","stm32g031k8"
"stm32g031k8ux","stm32g031k8"
"stm32g031y8yx","stm32g031y8"
"stm32g041c6tx","stm32g041c6"
"stm32g041c6ux","stm32g041c6"
"stm32g041c8tx","stm32g041c8"
"stm32g041c8ux","stm32g041c8"
"stm32g041f6px","stm32g041f6"
"stm32g041f8px","stm32g041f8"
"stm32g041g6ux","stm32g041g6"
"stm32g041g8ux","stm32g041g8"
"stm32g041j6mx","stm32g041j6"
"stm32g041k6tx","stm32g041k6"
"stm32g041k6ux","stm32g041k6"
"stm32g041k8tx","stm32g041k8"
"stm32g041k8ux","stm32g041k8"
"stm32g041y8yx","stm32g041y8"
"stm32g050c6tx","stm32g050c6"
"stm32g050c8tx","stm32g050c8"
"stm32g050f6px","stm32g050f6"
"stm32g050k6tx","stm32g050k6"
"stm32g050k8tx","stm32g050k8"
"stm32g051c6tx","stm32g051c6"
"stm32g051c6ux","stm32g051c6"
"stm32g051c8tx","stm32g051c8"
"stm32g051c8ux","stm32g051c8"
"stm32g051f6px","stm32g051f6"
"stm32g051f8px","stm32g051f8"
"stm32g051f8yx","stm32g051f8"
"stm32g051g6ux","stm32g051g6"
"stm32g051g8ux","stm32g051g8"
"stm32g051k6tx","stm32g051k6"
"stm32g051k6ux","stm32g051k6"
"stm32g051k8tx","stm32g051k8"
"stm32g051k8ux","stm32g051k8"
"stm32g061c6tx","stm32g061c6"
"stm32g061c6ux","stm32g061c6"
"stm32g061c8tx","stm32g061c8"
"stm32g061c8ux","stm32g061c8"
"stm32g061f6px","stm32g061f6"
"stm32g061f8px","stm32g061f8"
"stm32g061f8yx","stm32g061f8"
"stm32g061g6ux","stm32g061g6"
"stm32g061g8ux","stm32g061g8"
"stm32g061k6tx","stm32g061k6"
"stm32g061k6ux","stm32g061k6"
"stm32g061k8tx","stm32g061k8"
"stm32g061k8ux","stm32g061k8"
"stm32g070cbtx","stm32g070cb"
"stm32g070kbtx","stm32g070kb"
"stm32g070rbtx","stm32g070rb"
"stm32g071c6tx","stm32g071c6"
"stm32g071c6ux","stm32g071c6"
"stm32g071c8tx","stm32g071c8"
"stm32g071c8ux","stm32g071c8"
"stm32g071cbtx","stm32g071cb"
"stm32g071cbux","stm32g071cb"
"stm32g071ebyx","stm32g071eb"
"stm32g071g6ux","stm32g071g6"
"stm32g071g8ux","stm32g071g8"
"stm32g071g8uxn","stm32g071g8"
"stm32g071gbux","stm32g071gb"
"stm32g071gbuxn","stm32g071gb"
"stm32g071k6tx","stm32g071k6"
"stm32g071k6ux","stm32g071k6"
"stm32g071k8tx","stm32g071k8"
"stm32g071k8ux","stm32g071k8"
"stm32g071k8txn","stm32g071k8"
"stm32g071k8uxn","stm32g071k8"
"stm32g071kbtx","stm32g071kb"
"stm32g071kbux","stm32g071kb"
"stm32g071kbtxn","stm32g071kb"
"stm32g071kbuxn","stm32g071kb"
"stm32g071r6tx","stm32g071r6"
"stm32g071r8tx","stm32g071r8"
"stm32g071rbtx","stm32g071rb"
"stm32g071rbix","stm32g071rb"
"stm32g081cbtx","stm32g081cb"
"stm32g081cbux","stm32g081cb"
"stm32g081ebyx","stm32g081eb"
"stm32g081gbux","stm32g081gb"
"stm32g081gbuxn","stm32g081gb"
"stm32g081kbtx","stm32g081kb"
"stm32g081kbtxn","stm32g081kb"
"stm32g081kbux","stm32g081kb"
"stm32g081kbuxn","stm32g081kb"
"stm32g081rbix","stm32g081rb"
"stm32g081rbtx","stm32g081rb"
"stm32g0b0cetx","stm32g0b0ce"
"stm32g0b0ketx","stm32g0b0ke"
"stm32g0b0retx","stm32g0b0re"
"stm32g0b0vetx","stm32g0b0ve"
"stm32g0b1cbtx","stm32g0b1cb"
"stm32g0b1cbtxn","stm32g0b1cb"
"stm32g0b1cbux","stm32g0b1cb"
"stm32g0b1cbuxn","stm32g0b1cb"
"stm32g0b1cctx","stm32g0b1cc"
"stm32g0b1cctxn","stm32g0b1cc"
"stm32g0b1ccux","stm32g0b1cc"
"stm32g0b1ccuxn","stm32g0b1cc"
"stm32g0b1cetx","stm32g0b1ce"
"stm32g0b1cetxn","stm32g0b1ce"
"stm32g0b1ceux","stm32g0b1ce"
"stm32g0b1ceuxn","stm32g0b1ce"
"stm32g0b1kbtx","stm32g0b1kb"
"stm32g0b1kbtxn","stm32g0b1kb"
"stm32g0b1kbux","stm32g0b1kb"
"stm32g0b1kbuxn","stm32g0b1kb"
"stm32g0b1kctx","stm32g0b1kc"
"stm32g0b1kctxn","stm32g0b1kc"
"stm32g0b1kcux","stm32g0b1kc"
"stm32g0b1kcuxn","stm32g0b1kc"
"stm32g0b1ketx","stm32g0b1ke"
"stm32g0b1ketxn","stm32g0b1ke"
"stm32g0b1keux","stm32g0b1ke"
"stm32g0b1keuxn","stm32g0b1ke"
"stm32g0b1mbtx","stm32g0b1mb"
"stm32g0b1mctx","stm32g0b1mc"
"stm32g0b1metx","stm32g0b1me"
"stm32g0b1neyx","stm32g0b1ne"
"stm32g0b1rbixn","stm32g0b1rb"
"stm32g0b1rbtx","stm32g0b1rb"
"stm32g0b1rbtxn","stm32g0b1rb"
"stm32g0b1rcixn","stm32g0b1rc"
"stm32g0b1rctx","stm32g0b1rc"
"stm32g0b1rctxn","stm32g0b1rc"
"stm32g0b1reixn","stm32g0b1re"
"stm32g0b1retx","stm32g0b1re"
"stm32g0b1retxn","stm32g0b1re"
"stm32g0b1vbix","stm32g0b1vb"
"stm32g0b1vbtx","stm32g0b1vb"
"stm32g0b1vcix","stm32g0b1vc"
"stm32g0b1vctx","stm32g0b1vc"
"stm32g0b1veix","stm32g0b1ve"
"stm32g0b1vetx","stm32g0b1ve"
"stm32g0c1cctx","stm32g0c1cc"
"stm32g0c1cctxn","stm32g0c1cc"
"stm32g0c1ccux","stm32g0c1cc"
"stm32g0c1ccuxn","stm32g0c1cc"
"stm32g0c1cetx","stm32g0c1ce"
"stm32g0c1cetxn","stm32g0c1ce"
"stm32g0c1ceux","stm32g0c1ce"
"stm32g0c1ceuxn","stm32g0c1ce"
"stm32g0c1kctx","stm32g0c1kc"
"stm32g0c1kctxn","stm32g0c1kc"
"stm32g0c1kcux","stm32g0c1kc"
"stm32g0c1kcuxn","stm32g0c1kc"
"stm32g0c1ketx","stm32g0c1ke"
"stm32g0c1ketxn","stm32g0c1ke"
"stm32g0c1keux","stm32g0c1ke"
"stm32g0c1keuxn","stm32g0c1ke"
"stm32g0c1mctx","stm32g0c1mc"
"stm32g0c1metx","stm32g0c1me"
"stm32g0c1neyx","stm32g0c1ne"
"stm32g0c1rcixn","stm32g0c1rc"
"stm32g0c1rctx","stm32g0c1rc"
"stm32g0c1rctxn","stm32g0c1rc"
"stm32g0c1reixn","stm32g0c1re"
"stm32g0c1retx","stm32g0c1re"
"stm32g0c1retxn","stm32g0c1re"
"stm32g0c1vcix","stm32g0c1vc"
"stm32g0c1vctx","stm32g0c1vc"
"stm32g0c1veix","stm32g0c1ve"
"stm32g0c1vetx","stm32g0c1ve"
"stm32g431c6tx","stm32g431c6"
"stm32g431c6ux","stm32g431c6"
"stm32g431c8tx","stm32g431c8"
"stm32g431c8ux","stm32g431c8"
"stm32g431cbtx","stm32g431cb"
"stm32g431cbux","stm32g431cb"
"stm32g431cbyx","stm32g431cb"
"stm32g431k6tx","stm32g431k6"
"stm32g431k6ux","stm32g431k6"
"stm32g431k8tx","stm32g431k8"
"stm32g431k8ux","stm32g431k8"
"stm32g431kbtx","stm32g431kb"
"stm32g431kbux","stm32g431kb"
"stm32g431m6tx","stm32g431m6"
"stm32g431m8tx","stm32g431m8"
"stm32g431mbtx","stm32g431mb"
"stm32g431r6ix","stm32g431r6"
"stm32g431r6tx","stm32g431r6"
"stm32g431r8ix","stm32g431r8"
"stm32g431r8tx","stm32g431r8"
"stm32g431rbix","stm32g431rb"
"stm32g431rbtx","stm32g431rb"
"stm32g431v6tx","stm32g431v6"
"stm32g431v8tx","stm32g431v8"
"stm32g431vbtx","stm32g431vb"
"stm32g441cbtx","stm32g441cb"
"stm32g441cbux","stm32g441cb"
"stm32g441cbyx","stm32g441cb"
"stm32g441kbtx","stm32g441kb"
"stm32g441kbux","stm32g441kb"
"stm32g441mbtx","stm32g441mb"
"stm32g441rbix","stm32g441rb"
"stm32g441rbtx","stm32g441rb"
"stm32g441vbtx","stm32g441vb"
"stm32g471cctx","stm32g471cc"
"stm32g471ccux","stm32g471cc"
"stm32g471cetx","stm32g471ce"
"stm32g471ceux","stm32g471ce"
"stm32g471mctx","stm32g471mc"
"stm32g471metx","stm32g471me"
"stm32g471meyx","stm32g471me"
"stm32g471qctx","stm32g471qc"
"stm32g471qetx","stm32g471qe"
"stm32g471rctx","stm32g471rc"
"stm32g471retx","stm32g471re"
"stm32g471vchx","stm32g471vc"
"stm32g471vcix","stm32g471vc"
"stm32g471vctx","stm32g471vc"
"stm32g471vehx","stm32g471ve"
"stm32g471veix","stm32g471ve"
"stm32g471vetx","stm32g471ve"
"stm32g473cbtx","stm32g473cb"
"stm32g473cbux","stm32g473cb"
"stm32g473cctx","stm32g473cc"
"stm32g473ccux","stm32g473cc"
"stm32g473cetx","stm32g473ce"
"stm32g473ceux","stm32g473ce"
"stm32g473mbtx","stm32g473mb"
"stm32g473mctx","stm32g473mc"
"stm32g473metx","stm32g473me"
"stm32g473meyx","stm32g473me"
"stm32g473pbix","stm32g473pb"
"stm32g473pcix","stm32g473pc"
"stm32g473peix","stm32g473pe"
"stm32g473qbtx","stm32g473qb"
"stm32g473qctx","stm32g473qc"
"stm32g473qetx","stm32g473qe"
"stm32g473rbtx","stm32g473rb"
"stm32g473rctx","stm32g473rc"
"stm32g473retx","stm32g473re"
"stm32g473vbhx","stm32g473vb"
"stm32g473vbtx","stm32g473vb"
"stm32g473vchx","stm32g473vc"
"stm32g473vctx","stm32g473vc"
"stm32g473vehx","stm32g473ve"
"stm32g473vetx","stm32g473ve"
"stm32g474cbtx","stm32g474cb"
"stm32g474cbux","stm32g474cb"
"stm32g474cctx","stm32g474cc"
"stm32g474ccux","stm32g474cc"
"stm32g474cetx","stm32g474ce"
"stm32g474ceux","stm32g474ce"
"stm32g474mbtx","stm32g474mb"
"stm32g474mctx","stm32g474mc"
"stm32g474metx","stm32g474me"
"stm32g474meyx","stm32g474me"
"stm32g474pbix","stm32g474pb"
"stm32g474pcix","stm32g474pc"
"stm32g474peix","stm32g474pe"
"stm32g474qbtx","stm32g474qb"
"stm32g474qctx","stm32g474qc"
"stm32g474qetx","stm32g474qe"
"stm32g474rbtx","stm32g474rb"
"stm32g474rctx","stm32g474rc"
"stm32g474retx","stm32g474re"
"stm32g474vbhx","stm32g474vb"
"stm32g474vbtx","stm32g474vb"
"stm32g474vchx","stm32g474vc"
"stm32g474vctx","stm32g474vc"
"stm32g474vehx","stm32g474ve"
"stm32g474vetx","stm32g474ve"
"stm32g483cetx","stm32g483ce"
"stm32g483ceux","stm32g483ce"
"stm32g483metx","stm32g483me"
"stm32g483meyx","stm32g483me"
"stm32g483peix","stm32g483pe"
"stm32g483qetx","stm32g483qe"
"stm32g483retx","stm32g483re"
"stm32g483vehx","stm32g483ve"
"stm32g483vetx","stm32g483ve"
"stm32g484cetx","stm32g484ce"
"stm32g484ceux","stm32g484ce"
"stm32g484metx","stm32g484me"
"stm32g484meyx","stm32g484me"
"stm32g484peix","stm32g484pe"
"stm32g484qetx","stm32g484qe"
"stm32g484retx","stm32g484re"
"stm32g484vehx","stm32g484ve"
"stm32g484vetx","stm32g484ve"
"stm32g491cctx","stm32g491cc"
"stm32g491ccux","stm32g491cc"
"stm32g491cetx","stm32g491ce"
"stm32g491ceux","stm32g491ce"
"stm32g491kcux","stm32g491kc"
"stm32g491keux","stm32g491ke"
"stm32g491mcsx","stm32g491mc"
"stm32g491mctx","stm32g491mc"
"stm32g491mesx","stm32g491me"
"stm32g491metx","stm32g491me"
"stm32g491rcix","stm32g491rc"
"stm32g491rctx","stm32g491rc"
"stm32g491reix","stm32g491re"
"stm32g491retx","stm32g491re"
"stm32g491reyx","stm32g491re"
"stm32g491vctx","stm32g491vc"
"stm32g491vetx","stm32g491ve"
"stm32g4a1cetx","stm32g4a1ce"
"stm32g4a1ceux","stm32g4a1ce"
"stm32g4a1keux","stm32g4a1ke"
"stm32g4a1mesx","stm32g4a1me"
"stm32g4a1metx","stm32g4a1me"
"stm32g4a1reix","stm32g4a1re"
"stm32g4a1retx","stm32g4a1re"
"stm32g4a1reyx","stm32g4a1re"
"stm32g4a1vetx","stm32g4a1ve"
"stm32h503cbtx","stm32h503cb"
"stm32h503cbux","stm32h503cb"
"stm32h503ebyx","stm32h503eb"
"stm32h503kbux","stm32h503kb"
"stm32h503rbtx","stm32h503rb"
"stm32h523cctx","stm32h523cc"
"stm32h523ccux","stm32h523cc"
"stm32h523cetx","stm32h523ce"
"stm32h523ceux","stm32h523ce"
"stm32h523heyx","stm32h523he"
"stm32h523rctx","stm32h523rc"
"stm32h523retx","stm32h523re"
"stm32h523vcix","stm32h523vc"
"stm32h523vctx","stm32h523vc"
"stm32h523veix","stm32h523ve"
"stm32h523vetx","stm32h523ve"
"stm32h523zcjx","stm32h523zc"
"stm32h523zctx","stm32h523zc"
"stm32h523zejx","stm32h523ze"
"stm32h523zetx","stm32h523ze"
"stm32h533cetx","stm32h533ce"
"stm32h533ceux","stm32h533ce"
"stm32h533heyx","stm32h533he"
"stm32h533retx","stm32h533re"
"stm32h533veix","stm32h533ve"
"stm32h533vetx","stm32h533ve"
"stm32h533zejx","stm32h533ze"
"stm32h533zetx","stm32h533ze"
"stm32h562agix","stm32h562ag"
"stm32h562aiix","stm32h562ai"
"stm32h562igkx","stm32h562ig"
"stm32h562igtx","stm32h562ig"
"stm32h562iikx","stm32h562ii"
"stm32h562iitx","stm32h562ii"
"stm32h562rgtx","stm32h562rg"
"stm32h562rgvx","stm32h562rg"
"stm32h562ritx","stm32h562ri"
"stm32h562rivx","stm32h562ri"
"stm32h562vgtx","stm32h562vg"
"stm32h562vitx","stm32h562vi"
"stm32h562zgtx","stm32h562zg"
"stm32h562zitx","stm32h562zi"
"stm32h563agix","stm32h563ag"
"stm32h563aiix","stm32h563ai"
"stm32h563aiixq","stm32h563ai"
"stm32h563igkx","stm32h563ig"
"stm32h563igtx","stm32h563ig"
"stm32h563iikx","stm32h563ii"
"stm32h563iikxq","stm32h563ii"
"stm32h563iitx","stm32h563ii"
"stm32h563iitxq","stm32h563ii"
"stm32h563miyxq","stm32h563mi"
"stm32h563rgtx","stm32h563rg"
"stm32h563rgvx","stm32h563rg"
"stm32h563ritx","stm32h563ri"
"stm32h563rivx","stm32h563ri"
"stm32h563vgtx","stm32h563vg"
"stm32h563vitx","stm32h563vi"
"stm32h563vitxq","stm32h563vi"
"stm32h563zgtx","stm32h563zg"
"stm32h563zitx","stm32h563zi"
"stm32h563zitxq","stm32h563zi"
"stm32h573aiix","stm32h573ai"
"stm32h573aiixq","stm32h573ai"
"stm32h573iikx","stm32h573ii"
"stm32h573iikxq","stm32h573ii"
"stm32h573iitx","stm32h573ii"
"stm32h573iitxq","stm32h573ii"
"stm32h573miyxq","stm32h573mi"
"stm32h573ritx","stm32h573ri"
"stm32h573rivx","stm32h573ri"
"stm32h573vitx","stm32h573vi"
"stm32h573vitxq","stm32h573vi"
"stm32h573zitx","stm32h573zi"
"stm32h573zitxq","stm32h573zi"
"stm32h723vehx","stm32h723ve"
"stm32h723vetx","stm32h723ve"
"stm32h723vghx","stm32h723vg"
"stm32h723vgtx","stm32h723vg"
"stm32h723zeix","stm32h723ze"
"stm32h723zetx","stm32h723ze"
"stm32h723zgix","stm32h723zg"
"stm32h723zgtx","stm32h723zg"
"stm32h725aeix","stm32h725ae"
"stm32h725agix","stm32h725ag"
"stm32h725iekx","stm32h725ie"
"stm32h725ietx","stm32h725ie"
"stm32h725igkx","stm32h725ig"
"stm32h725igtx","stm32h725ig"
"stm32h725revx","stm32h725re"
"stm32h725rgvx","stm32h725rg"
"stm32h725vehx","stm32h725ve"
"stm32h725vetx","stm32h725ve"
"stm32h725vghx","stm32h725vg"
"stm32h725vgtx","stm32h725vg"
"stm32h725vgyx","stm32h725vg"
"stm32h725zetx","stm32h725ze"
"stm32h725zgtx","stm32h725zg"
"stm32h730abixq","stm32h730ab"
"stm32h730ibkxq","stm32h730ib"
"stm32h730ibtxq","stm32h730ib"
"stm32h730vbhx","stm32h730vb"
"stm32h730vbtx","stm32h730vb"
"stm32h730zbix","stm32h730zb"
"stm32h730zbtx","stm32h730zb"
"stm32h733vghx","stm32h733vg"
"stm32h733vgtx","stm32h733vg"
"stm32h733zgix","stm32h733zg"
"stm32h733zgtx","stm32h733zg"
"stm32h735agix","stm32h735ag"
"stm32h735igkx","stm32h735ig"
"stm32h735igtx","stm32h735ig"
"stm32h735rgvx","stm32h735rg"
"stm32h735vghx","stm32h735vg"
"stm32h735vgtx","stm32h735vg"
"stm32h735vgyx","stm32h735vg"
"stm32h735zgtx","stm32h735zg"
"stm32h742agix","stm32h742ag"
"stm32h742aiix","stm32h742ai"
"stm32h742bgtx","stm32h742bg"
"stm32h742bitx","stm32h742bi"
"stm32h742igkx","stm32h742ig"
"stm32h742igtx","stm32h742ig"
"stm32h742iikx","stm32h742ii"
"stm32h742iitx","stm32h742ii"
"stm32h742vghx","stm32h742vg"
"stm32h742vgtx","stm32h742vg"
"stm32h742vihx","stm32h742vi"
"stm32h742vitx","stm32h742vi"
"stm32h742xghx","stm32h742xg"
"stm32h742xihx","stm32h742xi"
"stm32h742zgtx","stm32h742zg"
"stm32h742zitx","stm32h742zi"
"stm32h743agix","stm32h743ag"
"stm32h743aiix","stm32h743ai"
"stm32h743bgtx","stm32h743bg"
"stm32h743bitx","stm32h743bi"
"stm32h743igkx","stm32h743ig"
"stm32h743igtx","stm32h743ig"
"stm32h743iikx","stm32h743ii"
"stm32h743iitx","stm32h743ii"
"stm32h743vghx","stm32h743vg"
"stm32h743vgtx","stm32h743vg"
"stm32h743vihx","stm32h743vi"
"stm32h743vitx","stm32h743vi"
"stm32h743xghx","stm32h743xg"
"stm32h743xihx","stm32h743xi"
"stm32h743zgtx","stm32h743zg"
"stm32h743zitx","stm32h743zi"
"stm32h745bgtx","stm32h745bg"
"stm32h745bitx","stm32h745bi"
"stm32h745igkx","stm32h745ig"
"stm32h745igtx","stm32h745ig"
"stm32h745iikx","stm32h745ii"
"stm32h745iitx","stm32h745ii"
"stm32h745xghx","stm32h745xg"
"stm32h745xihx","stm32h745xi"
"stm32h745zgtx","stm32h745zg"
"stm32h745zitx","stm32h745zi"
"stm32h747agix","stm32h747ag"
"stm32h747aiix","stm32h747ai"
"stm32h747bgtx","stm32h747bg"
"stm32h747bitx","stm32h747bi"
"stm32h747igtx","stm32h747ig"
"stm32h747iitx","stm32h747ii"
"stm32h747xghx","stm32h747xg"
"stm32h747xihx","stm32h747xi"
"stm32h747ziyx","stm32h747zi"
"stm32h750ibkx","stm32h750ib"
"stm32h750ibtx","stm32h750ib"
"stm32h750vbtx","stm32h750vb"
"stm32h750xbhx","stm32h750xb"
"stm32h750zbtx","stm32h750zb"
"stm32h753aiix","stm32h753ai"
"stm32h753bitx","stm32h753bi"
"stm32h753iikx","stm32h753ii"
"stm32h753iitx","stm32h753ii"
"stm32h753vihx","stm32h753vi"
"stm32h753vitx","stm32h753vi"
"stm32h753xihx","stm32h753xi"
"stm32h753zitx","stm32h753zi"
"stm32h755bitx","stm32h755bi"
"stm32h755iikx","stm32h755ii"
"stm32h755iitx","stm32h755ii"
"stm32h755xihx","stm32h755xi"
"stm32h755zitx","stm32h755zi"
"stm32h757aiix","stm32h757ai"
"stm32h757bitx","stm32h757bi"
"stm32h757iitx","stm32h757ii"
"stm32h757xihx","stm32h757xi"
"stm32h757ziyx","stm32h757zi"
"stm32h7a3agixq","stm32h7a3ag"
"stm32h7a3aiixq","stm32h7a3ai"
"stm32h7a3igkx","stm32h7a3ig"
"stm32h7a3igkxq","stm32h7a3ig"
"stm32h7a3igtx","stm32h7a3ig"
"stm32h7a3igtxq","stm32h7a3ig"
"stm32h7a3iikx","stm32h7a3ii"
"stm32h7a3iikxq","stm32h7a3ii"
"stm32h7a3iitx","stm32h7a3ii"
"stm32h7a3iitxq","stm32h7a3ii"
"stm32h7a3lghxq","stm32h7a3lg"
"stm32h7a3lihxq","stm32h7a3li"
"stm32h7a3nghx","stm32h7a3ng"
"stm32h7a3nihx","stm32h7a3ni"
"stm32h7a3qiyxq","stm32h7a3qi"
"stm32h7a3rgtx","stm32h7a3rg"
"stm32h7a3ritx","stm32h7a3ri"
"stm32h7a3vghx","stm32h7a3vg"
"stm32h7a3vghxq","stm32h7a3vg"
"stm32h7a3vgtx","stm32h7a3vg"
"stm32h7a3vgtxq","stm32h7a3vg"
"stm32h7a3vihx","stm32h7a3vi"
"stm32h7a3vihxq","stm32h7a3vi"
"stm32h7a3vitx","stm32h7a3vi"
"stm32h7a3vitxq","stm32h7a3vi"
"stm32h7a3zgtx","stm32h7a3zg"
"stm32h7a3zgtxq","stm32h7a3zg"
"stm32h7a3zitx","stm32h7a3zi"
"stm32h7a3zitxq","stm32h7a3zi"
"stm32h7b0abixq","stm32h7b0ab"
"stm32h7b0ibkxq","stm32h7b0ib"
"stm32h7b0ibtx","stm32h7b0ib"
"stm32h7b0rbtx","stm32h7b0rb"
"stm32h7b0vbtx","stm32h7b0vb"
"stm32h7b0zbtx","stm32h7b0zb"
"stm32h7b3aiixq","stm32h7b3ai"
"stm32h7b3iikx","stm32h7b3ii"
"stm32h7b3iikxq","stm32h7b3ii"
"stm32h7b3iitx","stm32h7b3ii"
"stm32h7b3iitxq","stm32h7b3ii"
"stm32h7b3lihxq","stm32h7b3li"
"stm32h7b3nihx","stm32h7b3ni"
"stm32h7b3qiyxq","stm32h7b3qi"
"stm32h7b3ritx","stm32h7b3ri"
"stm32h7b3vihx","stm32h7b3vi"
"stm32h7b3vihxq","stm32h7b3vi"
"stm32h7b3vitx","stm32h7b3vi"
"stm32h7b3vitxq","stm32h7b3vi"
"stm32h7b3zitx","stm32h7b3zi"
"stm32h7b3zitxq","stm32h7b3zi"
"stm32h7r3a8ix","stm32h7r3a8"
"stm32h7r3i8kx","stm32h7r3i8"
"stm32h7r3i8tx","stm32h7r3i8"
"stm32h7r3l8hx","stm32h7r3l8"
"stm32h7r3l8hxh","stm32h7r3l8"
"stm32h7r3r8vx","stm32h7r3r8"
"stm32h7r3v8hx","stm32h7r3v8"
"stm32h7r3v8tx","stm32h7r3v8"
"stm32h7r3v8yx","stm32h7r3v8"
"stm32h7r3z8jx","stm32h7r3z8"
"stm32h7r3z8tx","stm32h7r3z8"
"stm32h7r7a8ix","stm32h7r7a8"
"stm32h7r7i8kx","stm32h7r7i8"
"stm32h7r7i8tx","stm32h7r7i8"
"stm32h7r7l8hx","stm32h7r7l8"
"stm32h7r7l8hxh","stm32h7r7l8"
"stm32h7r7z8jx","stm32h7r7z8"
"stm32h7s3a8ix","stm32h7s3a8"
"stm32h7s3i8kx","stm32h7s3i8"
"stm32h7s3i8tx","stm32h7s3i8"
"stm32h7s3l8hx","stm32h7s3l8"
"stm32h7s3l8hxh","stm32h7s3l8"
"stm32h7s3r8vx","stm32h7s3r8"
"stm32h7s3v8hx","stm32h7s3v8"
"stm32h7s3v8tx","stm32h7s3v8"
"stm32h7s3v8yx","stm32h7s3v8"
"stm32h7s3z8jx","stm32h7s3z8"
"stm32h7s3z8tx","stm32h7s3z8"
"stm32h7s7a8ix","stm32h7s7a8"
"stm32h7s7i8kx","stm32h7s7i8"
"stm32h7s7i8tx","stm32h7s7i8"
"stm32h7s7l8hx","stm32h7s7l8"
"stm32h7s7l8hxh","stm32h7s7l8"
"stm32h7s7z8jx","stm32h7s7z8"
"stm32l010c6tx","stm32l010c6"
"stm32l010f4px","stm32l010f4"
"stm32l010k4tx","stm32l010k4"
"stm32l010k8tx","stm32l010k8"
"stm32l010r8tx","stm32l010r8"
"stm32l010rbtx","stm32l010rb"
"stm32l011d3px","stm32l011d3"
"stm32l011d4px","stm32l011d4"
"stm32l011e3yx","stm32l011e3"
"stm32l011e4yx","stm32l011e4"
"stm32l011f3px","stm32l011f3"
"stm32l011f3ux","stm32l011f3"
"stm32l011f4px","stm32l011f4"
"stm32l011f4ux","stm32l011f4"
"stm32l011g3ux","stm32l011g3"
"stm32l011g4ux","stm32l011g4"
"stm32l011k3tx","stm32l011k3"
"stm32l011k3ux","stm32l011k3"
"stm32l011k4tx","stm32l011k4"
"stm32l011k4ux","stm32l011k4"
"stm32l021d4px","stm32l021d4"
"stm32l021f4px","stm32l021f4"
"stm32l021f4ux","stm32l021f4"
"stm32l021g4ux","stm32l021g4"
"stm32l021k4tx","stm32l021k4"
"stm32l021k4ux","stm32l021k4"
"stm32l031c4tx","stm32l031c4"
"stm32l031c4ux","stm32l031c4"
"stm32l031c6tx","stm32l031c6"
"stm32l031c6ux","stm32l031c6"
"stm32l031e4yx","stm32l031e4"
"stm32l031e6yx","stm32l031e6"
"stm32l031f4px","stm32l031f4"
"stm32l031f6px","stm32l031f6"
"stm32l031g4ux","stm32l031g4"
"stm32l031g6ux","stm32l031g6"
"stm32l031g6uxs","stm32l031g6"
"stm32l031k4tx","stm32l031k4"
"stm32l031k4ux","stm32l031k4"
"stm32l031k6tx","stm32l031k6"
"stm32l031k6ux","stm32l031k6"
"stm32l041c4tx","stm32l041c4"
"stm32l041c6tx","stm32l041c6"
"stm32l041c6ux","stm32l041c6"
"stm32l041e6yx","stm32l041e6"
"stm32l041f6px","stm32l041f6"
"stm32l041g6ux","stm32l041g6"
"stm32l041g6uxs","stm32l041g6"
"stm32l041k6tx","stm32l041k6"
"stm32l041k6ux","stm32l041k6"
"stm32l051c6tx","stm32l051c6"
"stm32l051c6ux","stm32l051c6"
"stm32l051c8tx","stm32l051c8"
"stm32l051c8ux","stm32l051c8"
"stm32l051k6tx","stm32l051k6"
"stm32l051k6ux","stm32l051k6"
"stm32l051k8tx","stm32l051k8"
"stm32l051k8ux","stm32l051k8"
"stm32l051r6hx","stm32l051r6"
"stm32l051r6tx","stm32l051r6"
"stm32l051r8hx","stm32l051r8"
"stm32l051r8tx","stm32l051r8"
"stm32l051t6yx","stm32l051t6"
"stm32l051t8yx","stm32l051t8"
"stm32l052c6tx","stm32l052c6"
"stm32l052c6ux","stm32l052c6"
"stm32l052c8tx","stm32l052c8"
"stm32l052c8ux","stm32l052c8"
"stm32l052k6tx","stm32l052k6"
"stm32l052k6ux","stm32l052k6"
"stm32l052k8tx","stm32l052k8"
"stm32l052k8ux","stm32l052k8"
"stm32l052r6hx","stm32l052r6"
"stm32l052r6tx","stm32l052r6"
"stm32l052r8hx","stm32l052r8"
"stm32l052r8tx","stm32l052r8"
"stm32l052t6yx","stm32l052t6"
"stm32l052t8yx","stm32l052t8"
"stm32l052t8fx","stm32l052t8"
"stm32l053c6tx","stm32l053c6"
"stm32l053c6ux","stm32l053c6"
"stm32l053c8tx","stm32l053c8"
"stm32l053c8ux","stm32l053c8"
"stm32l053r6hx","stm32l053r6"
"stm32l053r6tx","stm32l053r6"
"stm32l053r8hx","stm32l053r8"
"stm32l053r8tx","stm32l053r8"
"stm32l062c8ux","stm32l062c8"
"stm32l062k8tx","stm32l062k8"
"stm32l062k8ux","stm32l062k8"
"stm32l063c8tx","stm32l063c8"
"stm32l063c8ux","stm32l063c8"
"stm32l063r8tx","stm32l063r8"
"stm32l071c8tx","stm32l071c8"
"stm32l071c8ux","stm32l071c8"
"stm32l071cbtx","stm32l071cb"
"stm32l071cbux","stm32l071cb"
"stm32l071cbyx","stm32l071cb"
"stm32l071cztx","stm32l071cz"
"stm32l071czux","stm32l071cz"
"stm32l071czyx","stm32l071cz"
"stm32l071k8ux","stm32l071k8"
"stm32l071kbtx","stm32l071kb"
"stm32l071kbux","stm32l071kb"
"stm32l071kztx","stm32l071kz"
"stm32l071kzux","stm32l071kz"
"stm32l071rbhx","stm32l071rb"
"stm32l071rbtx","stm32l071rb"
"stm32l071rzhx","stm32l071rz"
"stm32l071rztx","stm32l071rz"
"stm32l071v8ix","stm32l071v8"
"stm32l071v8tx","stm32l071v8"
"stm32l071vbix","stm32l071vb"
"stm32l071vbtx","stm32l071vb"
"stm32l071vzix","stm32l071vz"
"stm32l071vztx","stm32l071vz"
"stm32l072cbtx","stm32l072cb"
"stm32l072cbux","stm32l072cb"
"stm32l072cbyx","stm32l072cb"
"stm32l072cztx","stm32l072cz"
"stm32l072czux","stm32l072cz"
"stm32l072czyx","stm32l072cz"
"stm32l072czex","stm32l072cz"
"stm32l072kbtx","stm32l072kb"
"stm32l072kbux","stm32l072kb"
"stm32l072kztx","stm32l072kz"
"stm32l072kzux","stm32l072kz"
"stm32l072rbhx","stm32l072rb"
"stm32l072rbix","stm32l072rb"
"stm32l072rbtx","stm32l072rb"
"stm32l072rzhx","stm32l072rz"
"stm32l072rzix","stm32l072rz"
"stm32l072rztx","stm32l072rz"
"stm32l072v8ix","stm32l072v8"
"stm32l072v8tx","stm32l072v8"
"stm32l072vbix","stm32l072vb"
"stm32l072vbtx","stm32l072vb"
"stm32l072vzix","stm32l072vz"
"stm32l072vztx","stm32l072vz"
"stm32l073cbtx","stm32l073cb"
"stm32l073cbux","stm32l073cb"
"stm32l073cztx","stm32l073cz"
"stm32l073czux","stm32l073cz"
"stm32l073czyx","stm32l073cz"
"stm32l073rbhx","stm32l073rb"
"stm32l073rbtx","stm32l073rb"
"stm32l073rzhx","stm32l073rz"
"stm32l073rztx","stm32l073rz"
"stm32l073rzix","stm32l073rz"
"stm32l073v8ix","stm32l073v8"
"stm32l073v8tx","stm32l073v8"
"stm32l073vbix","stm32l073vb"
"stm32l073vbtx","stm32l073vb"
"stm32l073vzix","stm32l073vz"
"stm32l073vztx","stm32l073vz"
"stm32l081cbtx","stm32l081cb"
"stm32l081cztx","stm32l081cz"
"stm32l081czux","stm32l081cz"
"stm32l081kztx","stm32l081kz"
"stm32l081kzux","stm32l081kz"
"stm32l082czux","stm32l082cz"
"stm32l082czyx","stm32l082cz"
"stm32l082kbtx","stm32l082kb"
"stm32l082kbux","stm32l082kb"
"stm32l082kztx","stm32l082kz"
"stm32l082kzux","stm32l082kz"
"stm32l083cbtx","stm32l083cb"
"stm32l083cztx","stm32l083cz"
"stm32l083czux","stm32l083cz"
"stm32l083rbhx","stm32l083rb"
"stm32l083rbtx","stm32l083rb"
"stm32l083rzhx","stm32l083rz"
"stm32l083rztx","stm32l083rz"
"stm32l083v8ix","stm32l083v8"
"stm32l083v8tx","stm32l083v8"
"stm32l083vbix","stm32l083vb"
"stm32l083vbtx","stm32l083vb"
"stm32l083vzix","stm32l083vz"
"stm32l083vztx","stm32l083vz"
"stm32l100c6uxa","stm32l100c6-a"
"stm32l100c6ux","stm32l100c6"
"stm32l100r8txa","stm32l100r8-a"
"stm32l100r8tx","stm32l100r8"
"stm32l100rbtxa","stm32l100rb-a"
"stm32l100rbtx","stm32l100rb"
"stm32l100rctx","stm32l100rc"
"stm32l151c6txa","stm32l151c6-a"
"stm32l151c6uxa","stm32l151c6-a"
"stm32l151c6tx","stm32l151c6"
"stm32l151c6ux","stm32l151c6"
"stm32l151c8txa","stm32l151c8-a"
"stm32l151c8uxa","stm32l151c8-a"
"stm32l151c8tx","stm32l151c8"
"stm32l151c8ux","stm32l151c8"
"stm32l151cbtxa","stm32l151cb-a"
"stm32l151cbuxa","stm32l151cb-a"
"stm32l151cbtx","stm32l151cb"
"stm32l151cbux","stm32l151cb"
"stm32l151cctx","stm32l151cc"
"stm32l151ccux","stm32l151cc"
"stm32l151qchx","stm32l151qc"
"stm32l151qdhx","stm32l151qd"
"stm32l151qehx","stm32l151qe"
"stm32l151r6hxa","stm32l151r6-a"
"stm32l151r6txa","stm32l151r6-a"
"stm32l151r6hx","stm32l151r6"
"stm32l151r6tx","stm32l151r6"
"stm32l151r8hxa","stm32l151r8-a"
"stm32l151r8txa","stm32l151r8-a"
"stm32l151r8hx","stm32l151r8"
"stm32l151r8tx","stm32l151r8"
"stm32l151rbhxa","stm32l151rb-a"
"stm32l151rbtxa","stm32l151rb-a"
"stm32l151rbhx","stm32l151rb"
"stm32l151rbtx","stm32l151rb"
"stm32l151rctxa","stm32l151rc-a"
"stm32l151rctx","stm32l151rc"
"stm32l151rcyx","stm32l151rc"
"stm32l151rdtx","stm32l151rd"
"stm32l151rdyx","stm32l151rd"
"stm32l151retx","stm32l151re"
"stm32l151ucyx","stm32l151uc"
"stm32l151v8hxa","stm32l151v8-a"
"stm32l151v8txa","stm32l151v8-a"
"stm32l151v8hx","stm32l151v8"
"stm32l151v8tx","stm32l151v8"
"stm32l151vbhxa","stm32l151vb-a"
"stm32l151vbtxa","stm32l151vb-a"
"stm32l151vbhx","stm32l151vb"
"stm32l151vbtx","stm32l151vb"
"stm32l151vctxa","stm32l151vc-a"
"stm32l151vchx","stm32l151vc"
"stm32l151vctx","stm32l151vc"
"stm32l151vdtx","stm32l151vd"
"stm32l151vdtxx","stm32l151vd-x"
"stm32l151vdyxx","stm32l151vd-x"
"stm32l151vetx","stm32l151ve"
"stm32l151veyx","stm32l151ve"
"stm32l151zctx","stm32l151zc"
"stm32l151zdtx","stm32l151zd"
"stm32l151zetx","stm32l151ze"
"stm32l152c6txa","stm32l152c6-a"
"stm32l152c6uxa","stm32l152c6-a"
"stm32l152c6tx","stm32l152c6"
"stm32l152c6ux","stm32l152c6"
"stm32l152c8txa","stm32l152c8-a"
"stm32l152c8uxa","stm32l152c8-a"
"stm32l152c8tx","stm32l152c8"
"stm32l152c8ux","stm32l152c8"
"stm32l152cbtxa","stm32l152cb-a"
"stm32l152cbuxa","stm32l152cb-a"
"stm32l152cbtx","stm32l152cb"
"stm32l152cbux","stm32l152cb"
"stm32l152cctx","stm32l152cc"
"stm32l152ccux","stm32l152cc"
"stm32l152qchx","stm32l152qc"
"stm32l152qdhx","stm32l152qd"
"stm32l152qehx","stm32l152qe"
"stm32l152r6hxa","stm32l152r6-a"
"stm32l152r6txa","stm32l152r6-a"
"stm32l152r6hx","stm32l152r6"
"stm32l152r6tx","stm32l152r6"
"stm32l152r8hxa","stm32l152r8-a"
"stm32l152r8txa","stm32l152r8-a"
"stm32l152r8hx","stm32l152r8"
"stm32l152r8tx","stm32l152r8"
"stm32l152rbhxa","stm32l152rb-a"
"stm32l152rbtxa","stm32l152rb-a"
"stm32l152rbhx","stm32l152rb"
"stm32l152rbtx","stm32l152rb"
"stm32l152rctxa","stm32l152rc-a"
"stm32l152rctx","stm32l152rc"
"stm32l152rdtx","stm32l152rd"
"stm32l152rdyx","stm32l152rd"
"stm32l152retx","stm32l152re"
"stm32l152ucyx","stm32l152uc"
"stm32l152v8hxa","stm32l152v8-a"
"stm32l152v8txa","stm32l152v8-a"
"stm32l152v8hx","stm32l152v8"
"stm32l152v8tx","stm32l152v8"
"stm32l152vbhxa","stm32l152vb-a"
"stm32l152vbtxa","stm32l152vb-a"
"stm32l152vbhx","stm32l152vb"
"stm32l152vbtx","stm32l152vb"
"stm32l152vctxa","stm32l152vc-a"
"stm32l152vchx","stm32l152vc"
"stm32l152vctx","stm32l152vc"
"stm32l152vdtx","stm32l152vd"
"stm32l152vdtxx","stm32l152vd-x"
"stm32l152vetx","stm32l152ve"
"stm32l152veyx","stm32l152ve"
"stm32l152zctx","stm32l152zc"
"stm32l152zdtx","stm32l152zd"
"stm32l152zetx","stm32l152ze"
"stm32l162qchx","stm32l162qc"
"stm32l162qdhx","stm32l162qd"
"stm32l162rctxa","stm32l162rc-a"
"stm32l162rctx","stm32l162rc"
"stm32l162rdtx","stm32l162rd"
"stm32l162rdyx","stm32l162rd"
"stm32l162retx","stm32l162re"
"stm32l162vctxa","stm32l162vc-a"
"stm32l162vchx","stm32l162vc"
"stm32l162vctx","stm32l162vc"
"stm32l162vdtx","stm32l162vd"
"stm32l162vdyxx","stm32l162vd-x"
"stm32l162vetx","stm32l162ve"
"stm32l162veyx","stm32l162ve"
"stm32l162zctx","stm32l162zc"
"stm32l162zdtx","stm32l162zd"
"stm32l162zetx","stm32l162ze"
"stm32l412c8tx","stm32l412c8"
"stm32l412c8ux","stm32l412c8"
"stm32l412cbtx","stm32l412cb"
"stm32l412cbtxp","stm32l412cb"
"stm32l412cbux","stm32l412cb"
"stm32l412cbuxp","stm32l412cb"
"stm32l412k8tx","stm32l412k8"
"stm32l412k8ux","stm32l412k8"
"stm32l412kbtx","stm32l412kb"
"stm32l412kbux","stm32l412kb"
"stm32l412r8ix","stm32l412r8"
"stm32l412r8tx","stm32l412r8"
"stm32l412rbix","stm32l412rb"
"stm32l412rbixp","stm32l412rb"
"stm32l412rbtx","stm32l412rb"
"stm32l412rbtxp","stm32l412rb"
"stm32l412t8yx","stm32l412t8"
"stm32l412tbyx","stm32l412tb"
"stm32l412tbyxp","stm32l412tb"
"stm32l422cbtx","stm32l422cb"
"stm32l422cbux","stm32l422cb"
"stm32l422kbtx","stm32l422kb"
"stm32l422kbux","stm32l422kb"
"stm32l422rbix","stm32l422rb"
"stm32l422rbtx","stm32l422rb"
"stm32l422tbyx","stm32l422tb"
"stm32l431cbtx","stm32l431cb"
"stm32l431cbux","stm32l431cb"
"stm32l431cbyx","stm32l431cb"
"stm32l431cctx","stm32l431cc"
"stm32l431ccux","stm32l431cc"
"stm32l431ccyx","stm32l431cc"
"stm32l431kbux","stm32l431kb"
"stm32l431kcux","stm32l431kc"
"stm32l431rbix","stm32l431rb"
"stm32l431rbtx","stm32l431rb"
"stm32l431rbyx","stm32l431rb"
"stm32l431rcix","stm32l431rc"
"stm32l431rctx","stm32l431rc"
"stm32l431rcyx","stm32l431rc"
"stm32l431vcix","stm32l431vc"
"stm32l431vctx","stm32l431vc"
"stm32l432kbux","stm32l432kb"
"stm32l432kcux","stm32l432kc"
"stm32l433cbtx","stm32l433cb"
"stm32l433cbux","stm32l433cb"
"stm32l433cbyx","stm32l433cb"
"stm32l433cctx","stm32l433cc"
"stm32l433ccux","stm32l433cc"
"stm32l433ccyx","stm32l433cc"
"stm32l433rbix","stm32l433rb"
"stm32l433rbtx","stm32l433rb"
"stm32l433rbyx","stm32l433rb"
"stm32l433rcix","stm32l433rc"
"stm32l433rctx","stm32l433rc"
"stm32l433rcyx","stm32l433rc"
"stm32l433rctxp","stm32l433rc"
"stm32l433vcix","stm32l433vc"
"stm32l433vctx","stm32l433vc"
"stm32l442kcux","stm32l442kc"
"stm32l443ccfx","stm32l443cc"
"stm32l443cctx","stm32l443cc"
"stm32l443ccux","stm32l443cc"
"stm32l443ccyx","stm32l443cc"
"stm32l443rcix","stm32l443rc"
"stm32l443rctx","stm32l443rc"
"stm32l443rcyx","stm32l443rc"
"stm32l443vcix","stm32l443vc"
"stm32l443vctx","stm32l443vc"
"stm32l451ccux","stm32l451cc"
"stm32l451ceux","stm32l451ce"
"stm32l451cetx","stm32l451ce"
"stm32l451rcix","stm32l451rc"
"stm32l451rctx","stm32l451rc"
"stm32l451rcyx","stm32l451rc"
"stm32l451reix","stm32l451re"
"stm32l451retx","stm32l451re"
"stm32l451reyx","stm32l451re"
"stm32l451vcix","stm32l451vc"
"stm32l451vctx","stm32l451vc"
"stm32l451veix","stm32l451ve"
"stm32l451vetx","stm32l451ve"
"stm32l452ccux","stm32l452cc"
"stm32l452ceux","stm32l452ce"
"stm32l452cetx","stm32l452ce"
"stm32l452cetxp","stm32l452ce"
"stm32l452rcix","stm32l452rc"
"stm32l452rctx","stm32l452rc"
"stm32l452rcyx","stm32l452rc"
"stm32l452reix","stm32l452re"
"stm32l452retx","stm32l452re"
"stm32l452reyx","stm32l452re"
"stm32l452retxp","stm32l452re"
"stm32l452reyxp","stm32l452re"
"stm32l452vcix","stm32l452vc"
"stm32l452vctx","stm32l452vc"
"stm32l452veix","stm32l452ve"
"stm32l452vetx","stm32l452ve"
"stm32l462cetx","stm32l462ce"
"stm32l462ceux","stm32l462ce"
"stm32l462reix","stm32l462re"
"stm32l462retx","stm32l462re"
"stm32l462reyx","stm32l462re"
"stm32l462veix","stm32l462ve"
"stm32l462vetx","stm32l462ve"
"stm32l471qeix","stm32l471qe"
"stm32l471qgix","stm32l471qg"
"stm32l471retx","stm32l471re"
"stm32l471rgtx","stm32l471rg"
"stm32l471vetx","stm32l471ve"
"stm32l471vgtx","stm32l471vg"
"stm32l471zejx","stm32l471ze"
"stm32l471zetx","stm32l471ze"
"stm32l471zgjx","stm32l471zg"
"stm32l471zgtx","stm32l471zg"
"stm32l475rctx","stm32l475rc"
"stm32l475retx","stm32l475re"
"stm32l475rgtx","stm32l475rg"
"stm32l475vctx","stm32l475vc"
"stm32l475vetx","stm32l475ve"
"stm32l475vgtx","stm32l475vg"
"stm32l476jeyx","stm32l476je"
"stm32l476jgyx","stm32l476jg"
"stm32l476jgyxp","stm32l476jg"
"stm32l476meyx","stm32l476me"
"stm32l476mgyx","stm32l476mg"
"stm32l476qeix","stm32l476qe"
"stm32l476qgix","stm32l476qg"
"stm32l476qgixp","stm32l476qg"
"stm32l476rctx","stm32l476rc"
"stm32l476retx","stm32l476re"
"stm32l476rgtx","stm32l476rg"
"stm32l476vctx","stm32l476vc"
"stm32l476vetx","stm32l476ve"
"stm32l476vgtx","stm32l476vg"
"stm32l476vgyxp","stm32l476vg"
"stm32l476zetx","stm32l476ze"
"stm32l476zgtx","stm32l476zg"
"stm32l476zgjx","stm32l476zg"
"stm32l476zgtxp","stm32l476zg"
"stm32l486jgyx","stm32l486jg"
"stm32l486qgix","stm32l486qg"
"stm32l486rgtx","stm32l486rg"
"stm32l486vgtx","stm32l486vg"
"stm32l486zgtx","stm32l486zg"
"stm32l496aeix","stm32l496ae"
"stm32l496agix","stm32l496ag"
"stm32l496agixp","stm32l496ag"
"stm32l496qeix","stm32l496qe"
"stm32l496qgix","stm32l496qg"
"stm32l496qgixp","stm32l496qg"
"stm32l496qgixs","stm32l496qg"
"stm32l496retx","stm32l496re"
"stm32l496rgtx","stm32l496rg"
"stm32l496rgtxp","stm32l496rg"
"stm32l496vetx","stm32l496ve"
"stm32l496vgtx","stm32l496vg"
"stm32l496vgtxp","stm32l496vg"
"stm32l496vgyx","stm32l496vg"
"stm32l496vgyxp","stm32l496vg"
"stm32l496wgyxp","stm32l496wg"
"stm32l496zetx","stm32l496ze"
"stm32l496zgtx","stm32l496zg"
"stm32l496zgtxp","stm32l496zg"
"stm32l4a6agix","stm32l4a6ag"
"stm32l4a6agixp","stm32l4a6ag"
"stm32l4a6qgix","stm32l4a6qg"
"stm32l4a6qgixp","stm32l4a6qg"
"stm32l4a6rgtx","stm32l4a6rg"
"stm32l4a6rgtxp","stm32l4a6rg"
"stm32l4a6vgtx","stm32l4a6vg"
"stm32l4a6vgtxp","stm32l4a6vg"
"stm32l4a6vgyx","stm32l4a6vg"
"stm32l4a6vgyxp","stm32l4a6vg"
"stm32l4a6zgtx","stm32l4a6zg"
"stm32l4a6zgtxp","stm32l4a6zg"
"stm32l4p5aeix","stm32l4p5ae"
"stm32l4p5agix","stm32l4p5ag"
"stm32l4p5agixp","stm32l4p5ag"
"stm32l4p5cetx","stm32l4p5ce"
"stm32l4p5ceux","stm32l4p5ce"
"stm32l4p5cgtx","stm32l4p5cg"
"stm32l4p5cgux","stm32l4p5cg"
"stm32l4p5cgtxp","stm32l4p5cg"
"stm32l4p5cguxp","stm32l4p5cg"
"stm32l4p5qeix","stm32l4p5qe"
"stm32l4p5qgix","stm32l4p5qg"
"stm32l4p5qgixp","stm32l4p5qg"
"stm32l4p5qgixs","stm32l4p5qg"
"stm32l4p5retx","stm32l4p5re"
"stm32l4p5rgtx","stm32l4p5rg"
"stm32l4p5rgtxp","stm32l4p5rg"
"stm32l4p5vetx","stm32l4p5ve"
"stm32l4p5veyx","stm32l4p5ve"
"stm32l4p5vgtx","stm32l4p5vg"
"stm32l4p5vgyx","stm32l4p5vg"
"stm32l4p5vgtxp","stm32l4p5vg"
"stm32l4p5vgyxp","stm32l4p5vg"
"stm32l4p5zetx","stm32l4p5ze"
"stm32l4p5zgtx","stm32l4p5zg"
"stm32l4p5zgtxp","stm32l4p5zg"
"stm32l4q5agix","stm32l4q5ag"
"stm32l4q5agixp","stm32l4q5ag"
"stm32l4q5cgtx","stm32l4q5cg"
"stm32l4q5cgtxp","stm32l4q5cg"
"stm32l4q5cgux","stm32l4q5cg"
"stm32l4q5cguxp","stm32l4q5cg"
"stm32l4q5qgix","stm32l4q5qg"
"stm32l4q5qgixp","stm32l4q5qg"
"stm32l4q5rgtx","stm32l4q5rg"
"stm32l4q5rgtxp","stm32l4q5rg"
"stm32l4q5vgtx","stm32l4q5vg"
"stm32l4q5vgtxp","stm32l4q5vg"
"stm32l4q5vgyx","stm32l4q5vg"
"stm32l4q5vgyxp","stm32l4q5vg"
"stm32l4q5zgtx","stm32l4q5zg"
"stm32l4q5zgtxp","stm32l4q5zg"
"stm32l4r5agix","stm32l4r5ag"
"stm32l4r5aiix","stm32l4r5ai"
"stm32l4r5aiixp","stm32l4r5ai"
"stm32l4r5qgix","stm32l4r5qg"
"stm32l4r5qgixs","stm32l4r5qg"
"stm32l4r5qiix","stm32l4r5qi"
"stm32l4r5qiixp","stm32l4r5qi"
"stm32l4r5vgtx","stm32l4r5vg"
"stm32l4r5vitx","stm32l4r5vi"
"stm32l4r5zgtx","stm32l4r5zg"
"stm32l4r5zgyx","stm32l4r5zg"
"stm32l4r5zitx","stm32l4r5zi"
"stm32l4r5ziyx","stm32l4r5zi"
"stm32l4r5zitxp","stm32l4r5zi"
"stm32l4r7aiix","stm32l4r7ai"
"stm32l4r7vitx","stm32l4r7vi"
"stm32l4r7zitx","stm32l4r7zi"
"stm32l4r9agix","stm32l4r9ag"
"stm32l4r9aiix","stm32l4r9ai"
"stm32l4r9vgtx","stm32l4r9vg"
"stm32l4r9vitx","stm32l4r9vi"
"stm32l4r9zgjx","stm32l4r9zg"
"stm32l4r9zgtx","stm32l4r9zg"
"stm32l4r9zgyx","stm32l4r9zg"
"stm32l4r9zijx","stm32l4r9zi"
"stm32l4r9zitx","stm32l4r9zi"
"stm32l4r9ziyx","stm32l4r9zi"
"stm32l4r9ziyxp","stm32l4r9zi"
"stm32l4s5aiix","stm32l4s5ai"
"stm32l4s5qiix","stm32l4s5qi"
"stm32l4s5vitx","stm32l4s5vi"
"stm32l4s5zitx","stm32l4s5zi"
"stm32l4s5ziyx","stm32l4s5zi"
"stm32l4s7aiix","stm32l4s7ai"
"stm32l4s7vitx","stm32l4s7vi"
"stm32l4s7zitx","stm32l4s7zi"
"stm32l4s9aiix","stm32l4s9ai"
"stm32l4s9vitx","stm32l4s9vi"
"stm32l4s9zijx","stm32l4s9zi"
"stm32l4s9zitx","stm32l4s9zi"
"stm32l4s9ziyx","stm32l4s9zi"
"stm32l552cctx","stm32l552cc"
"stm32l552ccux","stm32l552cc"
"stm32l552cetx","stm32l552ce"
"stm32l552ceux","stm32l552ce"
"stm32l552cetxp","stm32l552ce"
"stm32l552ceuxp","stm32l552ce"
"stm32l552meyxp","stm32l552me"
"stm32l552meyxq","stm32l552me"
"stm32l552qcixq","stm32l552qc"
"stm32l552qeixq","stm32l552qe"
"stm32l552qeix","stm32l552qe"
"stm32l552qeixp","stm32l552qe"
"stm32l552rctx","stm32l552rc"
"stm32l552retx","stm32l552re"
"stm32l552retxp","stm32l552re"
"stm32l552retxq","stm32l552re"
"stm32l552vctxq","stm32l552vc"
"stm32l552vetxq","stm32l552ve"
"stm32l552vetx","stm32l552ve"
"stm32l552zctxq","stm32l552zc"
"stm32l552zetxq","stm32l552ze"
"stm32l552zetx","stm32l552ze"
"stm32l562cetx","stm32l562ce"
"stm32l562cetxp","stm32l562ce"
"stm32l562ceux","stm32l562ce"
"stm32l562ceuxp","stm32l562ce"
"stm32l562meyxp","stm32l562me"
"stm32l562meyxq","stm32l562me"
"stm32l562qeix","stm32l562qe"
"stm32l562qeixp","stm32l562qe"
"stm32l562qeixq","stm32l562qe"
"stm32l562retx","stm32l562re"
"stm32l562retxp","stm32l562re"
"stm32l562retxq","stm32l562re"
"stm32l562vetx","stm32l562ve"
"stm32l562vetxq","stm32l562ve"
"stm32l562zetx","stm32l562ze"
"stm32l562zetxq","stm32l562ze"
"stm32u031c6tx","stm32u031c6"
"stm32u031c6ux","stm32u031c6"
"stm32u031c8tx","stm32u031c8"
"stm32u031c8ux","stm32u031c8"
"stm32u031f4px","stm32u031f4"
"stm32u031f6px","stm32u031f6"
"stm32u031f8px","stm32u031f8"
"stm32u031g6yx","stm32u031g6"
"stm32u031g8yx","stm32u031g8"
"stm32u031k4ux","stm32u031k4"
"stm32u031k6ux","stm32u031k6"
"stm32u031k8ux","stm32u031k8"
"stm32u031r6ix","stm32u031r6"
"stm32u031r6tx","stm32u031r6"
"stm32u031r8ix","stm32u031r8"
"stm32u031r8tx","stm32u031r8"
"stm32u073c8tx","stm32u073c8"
"stm32u073c8ux","stm32u073c8"
"stm32u073cbtx","stm32u073cb"
"stm32u073cbux","stm32u073cb"
"stm32u073cctx","stm32u073cc"
"stm32u073ccux","stm32u073cc"
"stm32u073h8yx","stm32u073h8"
"stm32u073hbyx","stm32u073hb"
"stm32u073hcyx","stm32u073hc"
"stm32u073k8ux","stm32u073k8"
"stm32u073kbux","stm32u073kb"
"stm32u073kcux","stm32u073kc"
"stm32u073m8ix","stm32u073m8"
"stm32u073m8tx","stm32u073m8"
"stm32u073mbix","stm32u073mb"
"stm32u073mbtx","stm32u073mb"
"stm32u073mcix","stm32u073mc"
"stm32u073mctx","stm32u073mc"
"stm32u073r8ix","stm32u073r8"
"stm32u073r8tx","stm32u073r8"
"stm32u073rbix","stm32u073rb"
"stm32u073rbtx","stm32u073rb"
"stm32u073rcix","stm32u073rc"
"stm32u073rctx","stm32u073rc"
"stm32u083cctx","stm32u083cc"
"stm32u083ccux","stm32u083cc"
"stm32u083hcyx","stm32u083hc"
"stm32u083kcux","stm32u083kc"
"stm32u083mcix","stm32u083mc"
"stm32u083mctx","stm32u083mc"
"stm32u083rcix","stm32u083rc"
"stm32u083rctx","stm32u083rc"
"stm32u535cbtx","stm32u535cb"
"stm32u535cbtxq","stm32u535cb"
"stm32u535cbux","stm32u535cb"
"stm32u535cbuxq","stm32u535cb"
"stm32u535cctx","stm32u535cc"
"stm32u535cctxq","stm32u535cc"
"stm32u535ccux","stm32u535cc"
"stm32u535ccuxq","stm32u535cc"
"stm32u535cetx","stm32u535ce"
"stm32u535cetxq","stm32u535ce"
"stm32u535ceux","stm32u535ce"
"stm32u535ceuxq","stm32u535ce"
"stm32u535jeyxq","stm32u535je"
"stm32u535ncyxq","stm32u535nc"
"stm32u535neyxq","stm32u535ne"
"stm32u535rbix","stm32u535rb"
"stm32u535rbixq","stm32u535rb"
"stm32u535rbtx","stm32u535rb"
"stm32u535rbtxq","stm32u535rb"
"stm32u535rcix","stm32u535rc"
"stm32u535rcixq","stm32u535rc"
"stm32u535rctx","stm32u535rc"
"stm32u535rctxq","stm32u535rc"
"stm32u535reix","stm32u535re"
"stm32u535reixq","stm32u535re"
"stm32u535retx","stm32u535re"
"stm32u535retxq","stm32u535re"
"stm32u535vcix","stm32u535vc"
"stm32u535vcixq","stm32u535vc"
"stm32u535vctx","stm32u535vc"
"stm32u535vctxq","stm32u535vc"
"stm32u535veix","stm32u535ve"
"stm32u535veixq","stm32u535ve"
"stm32u535vetx","stm32u535ve"
"stm32u535vetxq","stm32u535ve"
"stm32u545cetx","stm32u545ce"
"stm32u545cetxq","stm32u545ce"
"stm32u545ceux","stm32u545ce"
"stm32u545ceuxq","stm32u545ce"
"stm32u545jeyxq","stm32u545je"
"stm32u545neyxq","stm32u545ne"
"stm32u545reix","stm32u545re"
"stm32u545reixq","stm32u545re"
"stm32u545retx","stm32u545re"
"stm32u545retxq","stm32u545re"
"stm32u545veix","stm32u545ve"
"stm32u545veixq","stm32u545ve"
"stm32u545vetx","stm32u545ve"
"stm32u545vetxq","stm32u545ve"
"stm32u575agix","stm32u575ag"
"stm32u575agixq","stm32u575ag"
"stm32u575aiix","stm32u575ai"
"stm32u575aiixq","stm32u575ai"
"stm32u575cgtx","stm32u575cg"
"stm32u575cgtxq","stm32u575cg"
"stm32u575cgux","stm32u575cg"
"stm32u575cguxq","stm32u575cg"
"stm32u575citx","stm32u575ci"
"stm32u575citxq","stm32u575ci"
"stm32u575ciux","stm32u575ci"
"stm32u575ciuxq","stm32u575ci"
"stm32u575ogyxq","stm32u575og"
"stm32u575oiyxq","stm32u575oi"
"stm32u575qgix","stm32u575qg"
"stm32u575qgixq","stm32u575qg"
"stm32u575qiix","stm32u575qi"
"stm32u575qiixq","stm32u575qi"
"stm32u575rgtx","stm32u575rg"
"stm32u575rgtxq","stm32u575rg"
"stm32u575ritx","stm32u575ri"
"stm32u575ritxq","stm32u575ri"
"stm32u575vgtx","stm32u575vg"
"stm32u575vgtxq","stm32u575vg"
"stm32u575vitx","stm32u575vi"
"stm32u575vitxq","stm32u575vi"
"stm32u575zgtx","stm32u575zg"
"stm32u575zgtxq","stm32u575zg"
"stm32u575zitx","stm32u575zi"
"stm32u575zitxq","stm32u575zi"
"stm32u585aiix","stm32u585ai"
"stm32u585aiixq","stm32u585ai"
"stm32u585citx","stm32u585ci"
"stm32u585citxq","stm32u585ci"
"stm32u585ciux","stm32u585ci"
"stm32u585ciuxq","stm32u585ci"
"stm32u585oiyxq","stm32u585oi"
"stm32u585qiix","stm32u585qi"
"stm32u585qiixq","stm32u585qi"
"stm32u585ritx","stm32u585ri"
"stm32u585ritxq","stm32u585ri"
"stm32u585vitx","stm32u585vi"
"stm32u585vitxq","stm32u585vi"
"stm32u585zitx","stm32u585zi"
"stm32u585zitxq","stm32u585zi"
"stm32u595aihx","stm32u595ai"
"stm32u595aihxq","stm32u595ai"
"stm32u595ajhx","stm32u595aj"
"stm32u595ajhxq","stm32u595aj"
"stm32u595qiix","stm32u595qi"
"stm32u595qiixq","stm32u595qi"
"stm32u595qjix","stm32u595qj"
"stm32u595qjixq","stm32u595qj"
"stm32u595ritx","stm32u595ri"
"stm32u595ritxq","stm32u595ri"
"stm32u595rjtx","stm32u595rj"
"stm32u595rjtxq","stm32u595rj"
"stm32u595vitx","stm32u595vi"
"stm32u595vitxq","stm32u595vi"
"stm32u595vjtx","stm32u595vj"
"stm32u595vjtxq","stm32u595vj"
"stm32u595zitx","stm32u595zi"
"stm32u595zitxq","stm32u595zi"
"stm32u595ziyxq","stm32u595zi"
"stm32u595zjtx","stm32u595zj"
"stm32u595zjtxq","stm32u595zj"
"stm32u595zjyxq","stm32u595zj"
"stm32u599bjyxq","stm32u599bj"
"stm32u599nihxq","stm32u599ni"
"stm32u599njhxq","stm32u599nj"
"stm32u599vitxq","stm32u599vi"
"stm32u599vjtx","stm32u599vj"
"stm32u599vjtxq","stm32u599vj"
"stm32u599zitxq","stm32u599zi"
"stm32u599ziyxq","stm32u599zi"
"stm32u599zjtxq","stm32u599zj"
"stm32u599zjyxq","stm32u599zj"
"stm32u5a5ajhx","stm32u5a5aj"
"stm32u5a5ajhxq","stm32u5a5aj"
"stm32u5a5qiixq","stm32u5a5qi"
"stm32u5a5qjix","stm32u5a5qj"
"stm32u5a5qjixq","stm32u5a5qj"
"stm32u5a5rjtx","stm32u5a5rj"
"stm32u5a5rjtxq","stm32u5a5rj"
"stm32u5a5vjtx","stm32u5a5vj"
"stm32u5a5vjtxq","stm32u5a5vj"
"stm32u5a5zjtx","stm32u5a5zj"
"stm32u5a5zjtxq","stm32u5a5zj"
"stm32u5a5zjyxq","stm32u5a5zj"
"stm32u5a9bjyxq","stm32u5a9bj"
"stm32u5a9njhxq","stm32u5a9nj"
"stm32u5a9vjtxq","stm32u5a9vj"
"stm32u5a9zjtxq","stm32u5a9zj"
"stm32u5a9zjyxq","stm32u5a9zj"
"stm32u5f7vitx","stm32u5f7vi"
"stm32u5f7vitxq","stm32u5f7vi"
"stm32u5f7vjtx","stm32u5f7vj"
"stm32u5f7vjtxq","stm32u5f7vj"
"stm32u5f9bjyxq","stm32u5f9bj"
"stm32u5f9njhxq","stm32u5f9nj"
"stm32u5f9vitxq","stm32u5f9vi"
"stm32u5f9vjtxq","stm32u5f9vj"
"stm32u5f9zijxq","stm32u5f9zi"
"stm32u5f9zitxq","stm32u5f9zi"
"stm32u5f9zjjxq","stm32u5f9zj"
"stm32u5f9zjtxq","stm32u5f9zj"
"stm32u5g7vjtx","stm32u5g7vj"
"stm32u5g7vjtxq","stm32u5g7vj"
"stm32u5g9bjyxq","stm32u5g9bj"
"stm32u5g9njhxq","stm32u5g9nj"
"stm32u5g9vjtxq","stm32u5g9vj"
"stm32u5g9zjjxq","stm32u5g9zj"
"stm32u5g9zjtxq","stm32u5g9zj"
"stm32wb10ccux","stm32wb10cc"
"stm32wb15ccux","stm32wb15cc"
"stm32wb15ccuxe","stm32wb15cc"
"stm32wb15ccyx","stm32wb15cc"
"stm32wb30ceuxa","stm32wb30ce"
"stm32wb35ccuxa","stm32wb35cc"
"stm32wb35ceuxa","stm32wb35ce"
"stm32wb50cgux","stm32wb50cg"
"stm32wb55ccux","stm32wb55cc"
"stm32wb55ceux","stm32wb55ce"
"stm32wb55cgux","stm32wb55cg"
"stm32wb55rcvx","stm32wb55rc"
"stm32wb55revx","stm32wb55re"
"stm32wb55rgvx","stm32wb55rg"
"stm32wb55vcqx","stm32wb55vc"
"stm32wb55vcyx","stm32wb55vc"
"stm32wb55veqx","stm32wb55ve"
"stm32wb55veyx","stm32wb55ve"
"stm32wb55vgqx","stm32wb55vg"
"stm32wb55vgyx","stm32wb55vg"
"stm32wb55vyyx","stm32wb55vy"
"stm32wba50keux","stm32wba50ke"
"stm32wba50kgux","stm32wba50kg"
"stm32wba52ceux","stm32wba52ce"
"stm32wba52cgux","stm32wba52cg"
"stm32wba52keux","stm32wba52ke"
"stm32wba52kgux","stm32wba52kg"
"stm32wba54ceux","stm32wba54ce"
"stm32wba54cgux","stm32wba54cg"
"stm32wba54keux","stm32wba54ke"
"stm32wba54kgux","stm32wba54kg"
"stm32wba55ceux","stm32wba55ce"
"stm32wba55cgux","stm32wba55cg"
"stm32wba55hefx","stm32wba55he"
"stm32wba55hgfx","stm32wba55hg"
"stm32wba55ueix","stm32wba55ue"
"stm32wba55ugix","stm32wba55ug"
"stm32wl54ccux","stm32wl54cc"
"stm32wl54jcix","stm32wl54jc"
"stm32wl55ccux","stm32wl55cc"
"stm32wl55jcix","stm32wl55jc"
"stm32wle4c8ux","stm32wle4c8"
"stm32wle4cbux","stm32wle4cb"
"stm32wle4ccux","stm32wle4cc"
"stm32wle4j8ix","stm32wle4j8"
"stm32wle4jbix","stm32wle4jb"
"stm32wle4jcix","stm32wle4jc"
"stm32wle5c8ux","stm32wle5c8"
"stm32wle5cbux","stm32wle5cb"
"stm32wle5ccux","stm32wle5cc"
"stm32wle5j8ix","stm32wle5j8"
"stm32wle5jbix","stm32wle5jb"
"stm32wle5jcix","stm32wle5jc"
